patentid,patenttitle,patentsubmdate,patentgrantdate,patenturl
EP0126991,A method for preventing deposition of polymer scale and a coating agent therefor.,19841205,,http://worldwide.espacenet.com/publicationDetails/biblio?CC=EP&FT=D&NR=0126991A1&KC=A1
EP0719866,Process for extraction of carotenoids from bacterial cells,19960703,20011205,http://worldwide.espacenet.com/publicationDetails/biblio?CC=EP&FT=D&NR=0719866B1&KC=B1
EP0732378,Method for purifying xanthophyll compound Method for purifying xanthophyll compound,19960918,,http://worldwide.espacenet.com/publicationDetails/biblio?CC=EP&FT=D&NR=0732378A2&KC=A2
EP0882709,"Process for the preparation of zeaxanthin, intermediates for this process and process for their preparation",19981209,20010725,http://worldwide.espacenet.com/publicationDetails/biblio?CC=EP&FT=D&NR=0882709B1&KC=B1
US5859700,High resolution imaging microscope (HIRIM) and uses thereof,19990112,,http://patft.uspto.gov/netacgi/nph-Parser?d=PALL&p=1&u=%2Fnetahtml%2FPTO%2Fsrchnum.htm&r=1&f=G&l=50&s1=5859700.PN.&OS=PN/5859700&RS=PN/5859700
US6620604,"Sulfohydrolases, corresponding amino acid and nucleotide sequences, sulfohydrolase preparations, processes, and products thereof",,20030916,http://patft.uspto.gov/netacgi/nph-Parser?d=PALL&p=1&u=%2Fnetahtml%2FPTO%2Fsrchnum.htm&r=1&f=G&l=50&s1=6620604.PN.&OS=PN/6620604&RS=PN/6620604
US6969595,Carotenoid production from a single carbon substrate,20030102,20051129,http://patft.uspto.gov/netacgi/nph-Parser?d=PALL&p=1&u=%2Fnetahtml%2FPTO%2Fsrchnum.htm&r=1&f=G&l=50&s1=6969595.PN.&OS=PN/6969595&RS=PN/6969595
US2004077068,Carotenoid production from a single carbon substrate,20040422,,http://appft.uspto.gov/netacgi/nph-Parser?p=1&u=%2Fnetahtml%2FPTO%2Fsearch-adv.html&r=1&f=G&l=50&d=PG01&s1=20040077068.PN.&OS=PN/20040077068&RS=PN/20040077068
US6914075,Cystine derivative and agent for suppressing activation of inflammatory factors,20040325,20050705,http://patft.uspto.gov/netacgi/nph-Parser?d=PALL&p=1&u=%2Fnetahtml%2FPTO%2Fsrchnum.htm&r=1&f=G&l=50&s1=6914075.PN.&OS=PN/6914075&RS=PN/6914075
US2004101942,"Sulfohydrolases, corresponding amino acid and nucleotide sequences, sulfohydrolase preparations, processes, and products thereof",20040527,,http://appft.uspto.gov/netacgi/nph-Parser?p=1&u=%2Fnetahtml%2FPTO%2Fsearch-adv.html&r=1&f=G&l=50&d=PG01&s1=20040101942.PN.&OS=PN/20040101942&RS=PN/20040101942
US2004156802,Cosmetics or external preparations for skin,20040812,,http://appft.uspto.gov/netacgi/nph-Parser?p=1&u=%2Fnetahtml%2FPTO%2Fsearch-adv.html&r=1&f=G&l=50&d=PG01&s1=20040156802.PN.&OS=PN/20040156802&RS=PN/20040156802
US2005004235,Carotenoid analogs or derivatives for the inhibition and amelioration of liver disease,20050106,,http://appft.uspto.gov/netacgi/nph-Parser?p=1&u=%2Fnetahtml%2FPTO%2Fsearch-adv.html&r=1&f=G&l=50&d=PG01&s1=20050004235.PN.&OS=PN/20050004235&RS=PN/20050004235
US2005009788,Carotenoid ester analogs or derivatives for controlling connexin 43 expression,20050113,,http://appft.uspto.gov/netacgi/nph-Parser?p=1&u=%2Fnetahtml%2FPTO%2Fsearch-adv.html&r=1&f=G&l=50&d=PG01&s1=20050009788.PN.&OS=PN/20050009788&RS=PN/20050009788
US2005026874,Carotenoid ether analogs or derivatives for the inhibition and amelioration of liver disease,20050203,,http://appft.uspto.gov/netacgi/nph-Parser?p=1&u=%2Fnetahtml%2FPTO%2Fsearch-adv.html&r=1&f=G&l=50&d=PG01&s1=20050026874.PN.&OS=PN/20050026874&RS=PN/20050026874
US6929928,Genes encoding carotenoid compounds,20041216,20050816,http://patft.uspto.gov/netacgi/nph-Parser?d=PALL&p=1&u=%2Fnetahtml%2FPTO%2Fsrchnum.htm&r=1&f=G&l=50&s1=6929928.PN.&OS=PN/6929928&RS=PN/6929928
US7064196,Genes encoding carotenoid compounds,20041230,20060620,http://patft.uspto.gov/netacgi/nph-Parser?d=PALL&p=1&u=%2Fnetahtml%2FPTO%2Fsrchnum.htm&r=1&f=G&l=50&s1=7064196.PN.&OS=PN/7064196&RS=PN/7064196
US7070952,Genes encoding carotenoid compounds,20041111,20060704,http://patft.uspto.gov/netacgi/nph-Parser?d=PALL&p=1&u=%2Fnetahtml%2FPTO%2Fsrchnum.htm&r=1&f=G&l=50&s1=7070952.PN.&OS=PN/7070952&RS=PN/7070952
US7288387,Genes of strain DC413 encoding enzymes involved in biosynthesis of carotenoid compounds,20050120,20071030,http://patft.uspto.gov/netacgi/nph-Parser?d=PALL&p=1&u=%2Fnetahtml%2FPTO%2Fsrchnum.htm&r=1&f=G&l=50&s1=7288387.PN.&OS=PN/7288387&RS=PN/7288387
US7345091,Carotenoid ether analogs or derivatives for the inhibition and amelioration of disease,20050113,20080318,http://patft.uspto.gov/netacgi/nph-Parser?d=PALL&p=1&u=%2Fnetahtml%2FPTO%2Fsrchnum.htm&r=1&f=G&l=50&s1=7345091.PN.&OS=PN/7345091&RS=PN/7345091
US7763649,Carotenoid analogs or derivatives for controlling connexin 43 expression,20050113,20100727,http://patft.uspto.gov/netacgi/nph-Parser?d=PALL&p=1&u=%2Fnetahtml%2FPTO%2Fsrchnum.htm&r=1&f=G&l=50&s1=7763649.PN.&OS=PN/7763649&RS=PN/7763649
US2005049248,Carotenoid ether analogs or derivatives for controlling C-reactive protein levels,20050303,,http://appft.uspto.gov/netacgi/nph-Parser?p=1&u=%2Fnetahtml%2FPTO%2Fsearch-adv.html&r=1&f=G&l=50&d=PG01&s1=20050049248.PN.&OS=PN/20050049248&RS=PN/20050049248
US2005059635,Carotenoid ester analogs or derivatives for controlling C-reactive protein levels,20050317,,http://appft.uspto.gov/netacgi/nph-Parser?p=1&u=%2Fnetahtml%2FPTO%2Fsearch-adv.html&r=1&f=G&l=50&d=PG01&s1=20050059635.PN.&OS=PN/20050059635&RS=PN/20050059635
US2005059659,Carotenoid analogs or derivatives for controlling C-reactive protein levels,20050317,,http://appft.uspto.gov/netacgi/nph-Parser?p=1&u=%2Fnetahtml%2FPTO%2Fsearch-adv.html&r=1&f=G&l=50&d=PG01&s1=20050059659.PN.&OS=PN/20050059659&RS=PN/20050059659
US2005065097,Carotenoid ether analogs or derivatives for the inhibition and amelioration of ischemic reperfusion injury,20050324,,http://appft.uspto.gov/netacgi/nph-Parser?p=1&u=%2Fnetahtml%2FPTO%2Fsearch-adv.html&r=1&f=G&l=50&d=PG01&s1=20050065097.PN.&OS=PN/20050065097&RS=PN/20050065097
US2005075337,Pharmaceutical compositions including carotenoid analogs or derivatives for the inhabition and amelioration of disease,20050407,,http://appft.uspto.gov/netacgi/nph-Parser?p=1&u=%2Fnetahtml%2FPTO%2Fsearch-adv.html&r=1&f=G&l=50&d=PG01&s1=20050075337.PN.&OS=PN/20050075337&RS=PN/20050075337
US7317008,Carotenoid ester analogs or derivatives for the inhibition and amelioration of ischemic reperfusion injury,20050217,20080108,http://patft.uspto.gov/netacgi/nph-Parser?d=PALL&p=1&u=%2Fnetahtml%2FPTO%2Fsrchnum.htm&r=1&f=G&l=50&s1=7317008.PN.&OS=PN/7317008&RS=PN/7317008
US7320997,Pharmaceutical compositions including carotenoid ester analogs or derivatives for the inhibition and amelioration of disease,20050407,20080122,http://patft.uspto.gov/netacgi/nph-Parser?d=PALL&p=1&u=%2Fnetahtml%2FPTO%2Fsrchnum.htm&r=1&f=G&l=50&s1=7320997.PN.&OS=PN/7320997&RS=PN/7320997
US7375133,Pharmaceutical compositions including carotenoid ether analogs or derivatives for the inhibition and amelioration of disease,20050324,20080520,http://patft.uspto.gov/netacgi/nph-Parser?d=PALL&p=1&u=%2Fnetahtml%2FPTO%2Fsrchnum.htm&r=1&f=G&l=50&s1=7375133.PN.&OS=PN/7375133&RS=PN/7375133
US7723327,Carotenoid ester analogs or derivatives for the inhibition and amelioration of liver disease,20050428,20100525,http://patft.uspto.gov/netacgi/nph-Parser?d=PALL&p=1&u=%2Fnetahtml%2FPTO%2Fsrchnum.htm&r=1&f=G&l=50&s1=7723327.PN.&OS=PN/7723327&RS=PN/7723327
US2005143475,Carotenoid analogs or derivatives for the inhibition and amelioration of ischemic reperfusion injury,20050630,,http://appft.uspto.gov/netacgi/nph-Parser?p=1&u=%2Fnetahtml%2FPTO%2Fsearch-adv.html&r=1&f=G&l=50&d=PG01&s1=20050143475.PN.&OS=PN/20050143475&RS=PN/20050143475
US2005148517,Carotenoid ether analogs or derivatives for controlling connexin 43 expression,20050707,,http://appft.uspto.gov/netacgi/nph-Parser?p=1&u=%2Fnetahtml%2FPTO%2Fsearch-adv.html&r=1&f=G&l=50&d=PG01&s1=20050148517.PN.&OS=PN/20050148517&RS=PN/20050148517
US7232666,Optimized bacterial host strains of methylomonas sp. 16a,20050609,20070619,http://patft.uspto.gov/netacgi/nph-Parser?d=PALL&p=1&u=%2Fnetahtml%2FPTO%2Fsrchnum.htm&r=1&f=G&l=50&s1=7232666.PN.&OS=PN/7232666&RS=PN/7232666
US7521584,Carotenoid analogs or derivatives for the inhibition and amelioration of disease,20050526,20090421,http://patft.uspto.gov/netacgi/nph-Parser?d=PALL&p=1&u=%2Fnetahtml%2FPTO%2Fsrchnum.htm&r=1&f=G&l=50&s1=7521584.PN.&OS=PN/7521584&RS=PN/7521584
US2005287625,Process for expression of foreign genes in methylotrophic bacteria through chromosomal integration,20051229,,http://appft.uspto.gov/netacgi/nph-Parser?p=1&u=%2Fnetahtml%2FPTO%2Fsearch-adv.html&r=1&f=G&l=50&d=PG01&s1=20050287625.PN.&OS=PN/20050287625&RS=PN/20050287625
US7393937,N-acetylglucosamine derivatives and use thereof,20060126,20080701,http://patft.uspto.gov/netacgi/nph-Parser?d=PALL&p=1&u=%2Fnetahtml%2FPTO%2Fsrchnum.htm&r=1&f=G&l=50&s1=7393937.PN.&OS=PN/7393937&RS=PN/7393937
US7741070,Gene targets for enhanced carotenoid production,20060608,20100622,http://patft.uspto.gov/netacgi/nph-Parser?d=PALL&p=1&u=%2Fnetahtml%2FPTO%2Fsrchnum.htm&r=1&f=G&l=50&s1=7741070.PN.&OS=PN/7741070&RS=PN/7741070
US7695932,Gene targets for enhanced carotenoid production,20060824,20100413,http://patft.uspto.gov/netacgi/nph-Parser?d=PALL&p=1&u=%2Fnetahtml%2FPTO%2Fsrchnum.htm&r=1&f=G&l=50&s1=7695932.PN.&OS=PN/7695932&RS=PN/7695932
US7776915,Topical formulations and methods of use,20060928,20100817,http://patft.uspto.gov/netacgi/nph-Parser?d=PALL&p=1&u=%2Fnetahtml%2FPTO%2Fsrchnum.htm&r=1&f=G&l=50&s1=7776915.PN.&OS=PN/7776915&RS=PN/7776915
US8110672,Promoter engineering and genetic control,20070111,20120207,http://patft.uspto.gov/netacgi/nph-Parser?d=PALL&p=1&u=%2Fnetahtml%2FPTO%2Fsrchnum.htm&r=1&f=G&l=50&s1=8110672.PN.&OS=PN/8110672&RS=PN/8110672
US2007099888,Inflammation Inhibitor Comprising Zinc Salt of Acylamino Acid,20070503,,http://appft.uspto.gov/netacgi/nph-Parser?p=1&u=%2Fnetahtml%2FPTO%2Fsearch-adv.html&r=1&f=G&l=50&d=PG01&s1=20070099888.PN.&OS=PN/20070099888&RS=PN/20070099888
US2007118916,Process for the production of fine chemicals,20070524,,http://appft.uspto.gov/netacgi/nph-Parser?p=1&u=%2Fnetahtml%2FPTO%2Fsearch-adv.html&r=1&f=G&l=50&d=PG01&s1=20070118916.PN.&OS=PN/20070118916&RS=PN/20070118916
US7695931,"Carotenoid hydroxylase gene, method for preparing hydroxylated carotenoid, and novel geranylgeranyl pyrophosphate synthase",20070628,20100413,http://patft.uspto.gov/netacgi/nph-Parser?d=PALL&p=1&u=%2Fnetahtml%2FPTO%2Fsrchnum.htm&r=1&f=G&l=50&s1=7695931.PN.&OS=PN/7695931&RS=PN/7695931
US8017162,Anti-inflammatory agent,20070705,20110913,http://patft.uspto.gov/netacgi/nph-Parser?d=PALL&p=1&u=%2Fnetahtml%2FPTO%2Fsrchnum.htm&r=1&f=G&l=50&s1=8017162.PN.&OS=PN/8017162&RS=PN/8017162
US2008015252,THERAPEUTIC AGENT FOR VIRUS-ASSOCIATED MALIGNANCY,20080117,,http://appft.uspto.gov/netacgi/nph-Parser?p=1&u=%2Fnetahtml%2FPTO%2Fsearch-adv.html&r=1&f=G&l=50&d=PG01&s1=20080015252.PN.&OS=PN/20080015252&RS=PN/20080015252
US2008031906,Cosmetic Composition and Method for Producing the Same,20080207,,http://appft.uspto.gov/netacgi/nph-Parser?p=1&u=%2Fnetahtml%2FPTO%2Fsearch-adv.html&r=1&f=G&l=50&d=PG01&s1=20080031906.PN.&OS=PN/20080031906&RS=PN/20080031906
US2008038241,Self-Polishing Anti-Fouling coating Compositions Comprising An Enzyme,20080214,,http://appft.uspto.gov/netacgi/nph-Parser?p=1&u=%2Fnetahtml%2FPTO%2Fsearch-adv.html&r=1&f=G&l=50&d=PG01&s1=20080038241.PN.&OS=PN/20080038241&RS=PN/20080038241
US2008058406,LIPOIC ACID DERIVATIVES,20080306,,http://appft.uspto.gov/netacgi/nph-Parser?p=1&u=%2Fnetahtml%2FPTO%2Fsearch-adv.html&r=1&f=G&l=50&d=PG01&s1=20080058406.PN.&OS=PN/20080058406&RS=PN/20080058406
US2008089851,"Brown Algae Cell Lyophilisate, Method For The Obtention Thereof",20080417,,http://appft.uspto.gov/netacgi/nph-Parser?p=1&u=%2Fnetahtml%2FPTO%2Fsearch-adv.html&r=1&f=G&l=50&d=PG01&s1=20080089851.PN.&OS=PN/20080089851&RS=PN/20080089851
US2008102131,PARTICULATE COMPOSITION COMPRISING BIOACTIVE SUBSTANCE AND METHOD OF PRODUCING THE SAME,20080501,,http://appft.uspto.gov/netacgi/nph-Parser?p=1&u=%2Fnetahtml%2FPTO%2Fsearch-adv.html&r=1&f=G&l=50&d=PG01&s1=20080102131.PN.&OS=PN/20080102131&RS=PN/20080102131
US2008119551,"SKIN COSMETICS COMPRISING A CYSTINE DERIVATIVE AND A CHEMICAL PEELING AGENT, A BACTERICIDE, AN ANIONIC SUFACTANT, OR A CATIONIC SURFACTANT",20080522,,http://appft.uspto.gov/netacgi/nph-Parser?p=1&u=%2Fnetahtml%2FPTO%2Fsearch-adv.html&r=1&f=G&l=50&d=PG01&s1=20080119551.PN.&OS=PN/20080119551&RS=PN/20080119551
US2008160116,Compositions and Methods Comprising Zingiber Species,20080703,,http://appft.uspto.gov/netacgi/nph-Parser?p=1&u=%2Fnetahtml%2FPTO%2Fsearch-adv.html&r=1&f=G&l=50&d=PG01&s1=20080160116.PN.&OS=PN/20080160116&RS=PN/20080160116
US7838552,Compositions comprising nebivolol,20080703,20101123,http://patft.uspto.gov/netacgi/nph-Parser?d=PALL&p=1&u=%2Fnetahtml%2FPTO%2Fsrchnum.htm&r=1&f=G&l=50&s1=7838552.PN.&OS=PN/7838552&RS=PN/7838552
US2008254188,FORMULATIONS OF LIPOPHILIC BIOACTIVE MOLECULES,20081016,,http://appft.uspto.gov/netacgi/nph-Parser?p=1&u=%2Fnetahtml%2FPTO%2Fsearch-adv.html&r=1&f=G&l=50&d=PG01&s1=20080254188.PN.&OS=PN/20080254188&RS=PN/20080254188
US2008260662,Sunscreen Compositions Comprising Carotenoids,20081023,,http://appft.uspto.gov/netacgi/nph-Parser?p=1&u=%2Fnetahtml%2FPTO%2Fsearch-adv.html&r=1&f=G&l=50&d=PG01&s1=20080260662.PN.&OS=PN/20080260662&RS=PN/20080260662
US2008261896,Testosterone generating and metabolizing enhancer,20081023,,http://appft.uspto.gov/netacgi/nph-Parser?p=1&u=%2Fnetahtml%2FPTO%2Fsearch-adv.html&r=1&f=G&l=50&d=PG01&s1=20080261896.PN.&OS=PN/20080261896&RS=PN/20080261896
US2008274068,External Preparation for Skin Containing a Phosphorlated Saccharide,20081106,,http://appft.uspto.gov/netacgi/nph-Parser?p=1&u=%2Fnetahtml%2FPTO%2Fsearch-adv.html&r=1&f=G&l=50&d=PG01&s1=20080274068.PN.&OS=PN/20080274068&RS=PN/20080274068
US2008293673,N-ACETYGLUCOSAMINE DERIVATIVES AND USE THEREOF,20081127,,http://appft.uspto.gov/netacgi/nph-Parser?p=1&u=%2Fnetahtml%2FPTO%2Fsearch-adv.html&r=1&f=G&l=50&d=PG01&s1=20080293673.PN.&OS=PN/20080293673&RS=PN/20080293673
US2009004170,COMPOSITION COMPRISING COENZYME Q10,20090101,,http://appft.uspto.gov/netacgi/nph-Parser?p=1&u=%2Fnetahtml%2FPTO%2Fsearch-adv.html&r=1&f=G&l=50&d=PG01&s1=20090004170.PN.&OS=PN/20090004170&RS=PN/20090004170
US2009004304,COMPOSITION COMPRISING BIOACTIVE SUBSTANCE,20090101,,http://appft.uspto.gov/netacgi/nph-Parser?p=1&u=%2Fnetahtml%2FPTO%2Fsearch-adv.html&r=1&f=G&l=50&d=PG01&s1=20090004304.PN.&OS=PN/20090004304&RS=PN/20090004304
US2009176673,COLOR-CHANGING CLEANSING COMPOSITIONS AND METHODS,20090709,,http://appft.uspto.gov/netacgi/nph-Parser?p=1&u=%2Fnetahtml%2FPTO%2Fsearch-adv.html&r=1&f=G&l=50&d=PG01&s1=20090176673.PN.&OS=PN/20090176673&RS=PN/20090176673
US2009181901,COMPOSITIONS AND METHODS TO INCREASE BIOAVAILABILITY OF CAROTENOIDS,20090716,,http://appft.uspto.gov/netacgi/nph-Parser?p=1&u=%2Fnetahtml%2FPTO%2Fsearch-adv.html&r=1&f=G&l=50&d=PG01&s1=20090181901.PN.&OS=PN/20090181901&RS=PN/20090181901
US2009324658,Cosmetic and Method for Production Thereof,20091231,,http://appft.uspto.gov/netacgi/nph-Parser?p=1&u=%2Fnetahtml%2FPTO%2Fsearch-adv.html&r=1&f=G&l=50&d=PG01&s1=20090324658.PN.&OS=PN/20090324658&RS=PN/20090324658
US2010080785,DRIED FORMULATIONS,20100401,,http://appft.uspto.gov/netacgi/nph-Parser?p=1&u=%2Fnetahtml%2FPTO%2Fsearch-adv.html&r=1&f=G&l=50&d=PG01&s1=20100080785.PN.&OS=PN/20100080785&RS=PN/20100080785
US2010150853,"Artificially coloring the skin with a carotene compound, a xanthophyll compound and a lipophilic green dye composition",20100617,,http://appft.uspto.gov/netacgi/nph-Parser?p=1&u=%2Fnetahtml%2FPTO%2Fsearch-adv.html&r=1&f=G&l=50&d=PG01&s1=20100150853.PN.&OS=PN/20100150853&RS=PN/20100150853
US2010152286,Method for Producing Fucoxanthin,20100617,,http://appft.uspto.gov/netacgi/nph-Parser?p=1&u=%2Fnetahtml%2FPTO%2Fsearch-adv.html&r=1&f=G&l=50&d=PG01&s1=20100152286.PN.&OS=PN/20100152286&RS=PN/20100152286
US8034983,PROCESS FOR THE PREPARATION OF XANTHOPHYLL CRYSTALS,20100603,20111011,http://patft.uspto.gov/netacgi/nph-Parser?d=PALL&p=1&u=%2Fnetahtml%2FPTO%2Fsrchnum.htm&r=1&f=G&l=50&s1=8034983.PN.&OS=PN/8034983&RS=PN/8034983
US2010197782,THERAPEUTIC AGENT FOR VIRUS-ASSOCIATED MALIGNANCY,20100805,,http://appft.uspto.gov/netacgi/nph-Parser?p=1&u=%2Fnetahtml%2FPTO%2Fsearch-adv.html&r=1&f=G&l=50&d=PG01&s1=20100197782.PN.&OS=PN/20100197782&RS=PN/20100197782
US2010210722,COMPOSITION FOR PREVENTING OR TREATING LIPID METABOLIC DISORDERS COMPRISING FUCOXANTHIN OR MARINE PLANT EXTRACT CONTAINING SAME,20100819,,http://appft.uspto.gov/netacgi/nph-Parser?p=1&u=%2Fnetahtml%2FPTO%2Fsearch-adv.html&r=1&f=G&l=50&d=PG01&s1=20100210722.PN.&OS=PN/20100210722&RS=PN/20100210722
US2010272790,Methods of Treating Skin,20101028,,http://appft.uspto.gov/netacgi/nph-Parser?p=1&u=%2Fnetahtml%2FPTO%2Fsearch-adv.html&r=1&f=G&l=50&d=PG01&s1=20100272790.PN.&OS=PN/20100272790&RS=PN/20100272790
US2011091569,"ECHINODERM-DERIVED EXTRACTS, METHODS OF PREPARATION AND USES THEREOF",20110421,,http://appft.uspto.gov/netacgi/nph-Parser?p=1&u=%2Fnetahtml%2FPTO%2Fsearch-adv.html&r=1&f=G&l=50&d=PG01&s1=20110091569.PN.&OS=PN/20110091569&RS=PN/20110091569
US2011118351,Stabilized Formulations of Fatty Acids,20110519,,http://appft.uspto.gov/netacgi/nph-Parser?p=1&u=%2Fnetahtml%2FPTO%2Fsearch-adv.html&r=1&f=G&l=50&d=PG01&s1=20110118351.PN.&OS=PN/20110118351&RS=PN/20110118351
US2011172185,THERAPEUTIC DRUG FOR ADULT T-CELL LEUKEMIA,20110714,,http://appft.uspto.gov/netacgi/nph-Parser?p=1&u=%2Fnetahtml%2FPTO%2Fsearch-adv.html&r=1&f=G&l=50&d=PG01&s1=20110172185.PN.&OS=PN/20110172185&RS=PN/20110172185
US2011274746,Therapeutic Liposomes and Methods For Producing and Using the Same,20111110,,http://appft.uspto.gov/netacgi/nph-Parser?p=1&u=%2Fnetahtml%2FPTO%2Fsearch-adv.html&r=1&f=G&l=50&d=PG01&s1=20110274746.PN.&OS=PN/20110274746&RS=PN/20110274746
US2011288125,NOVEL USE OF PIPERINE,20111124,,http://appft.uspto.gov/netacgi/nph-Parser?p=1&u=%2Fnetahtml%2FPTO%2Fsearch-adv.html&r=1&f=G&l=50&d=PG01&s1=20110288125.PN.&OS=PN/20110288125&RS=PN/20110288125
US7217537,Method to increase carotenoid production in a microbial host cell by down-regulating glycogen synthase,20070315,20070515,http://patft.uspto.gov/netacgi/nph-Parser?d=PALL&p=1&u=%2Fnetahtml%2FPTO%2Fsrchnum.htm&r=1&f=G&l=50&s1=7217537.PN.&OS=PN/7217537&RS=PN/7217537
US5951875,Adsorptive bubble separation methods and systems for dewatering suspensions of microalgae and extracting components therefrom,19990914,,http://patft.uspto.gov/netacgi/nph-Parser?d=PALL&p=1&u=%2Fnetahtml%2FPTO%2Fsrchnum.htm&r=1&f=G&l=50&s1=5951875.PN.&OS=PN/5951875&RS=PN/5951875
US5201930,Plant growth product,19930413,,http://patft.uspto.gov/netacgi/nph-Parser?d=PALL&p=1&u=%2Fnetahtml%2FPTO%2Fsrchnum.htm&r=1&f=G&l=50&s1=5201930.PN.&OS=PN/5201930&RS=PN/5201930
US5229118,Feed and water additive and method of making same,19930720,,http://patft.uspto.gov/netacgi/nph-Parser?d=PALL&p=1&u=%2Fnetahtml%2FPTO%2Fsrchnum.htm&r=1&f=G&l=50&s1=5229118.PN.&OS=PN/5229118&RS=PN/5229118
US5350588,Feed and water additive and method of making same,19940927,,http://patft.uspto.gov/netacgi/nph-Parser?d=PALL&p=1&u=%2Fnetahtml%2FPTO%2Fsrchnum.htm&r=1&f=G&l=50&s1=5350588.PN.&OS=PN/5350588&RS=PN/5350588
US5502041,Potent inhibitor of HIV reverse transcriptase,19960326,,http://patft.uspto.gov/netacgi/nph-Parser?d=PALL&p=1&u=%2Fnetahtml%2FPTO%2Fsrchnum.htm&r=1&f=G&l=50&s1=5502041.PN.&OS=PN/5502041&RS=PN/5502041
US5591343,Process for extraction of carotenoids from bacterial cells,19970107,,http://patft.uspto.gov/netacgi/nph-Parser?d=PALL&p=1&u=%2Fnetahtml%2FPTO%2Fsrchnum.htm&r=1&f=G&l=50&s1=5591343.PN.&OS=PN/5591343&RS=PN/5591343
US5776349,Method for dewatering microalgae with a jameson cell,19980707,,http://patft.uspto.gov/netacgi/nph-Parser?d=PALL&p=1&u=%2Fnetahtml%2FPTO%2Fsrchnum.htm&r=1&f=G&l=50&s1=5776349.PN.&OS=PN/5776349&RS=PN/5776349
US5910254,Method for dewatering microalgae with a bubble column,19990608,,http://patft.uspto.gov/netacgi/nph-Parser?d=PALL&p=1&u=%2Fnetahtml%2FPTO%2Fsrchnum.htm&r=1&f=G&l=50&s1=5910254.PN.&OS=PN/5910254&RS=PN/5910254
US6000551,Method for rupturing microalgae cells,19991214,,http://patft.uspto.gov/netacgi/nph-Parser?d=PALL&p=1&u=%2Fnetahtml%2FPTO%2Fsrchnum.htm&r=1&f=G&l=50&s1=6000551.PN.&OS=PN/6000551&RS=PN/6000551
US6103940,"Preparation of zeaxanthin, intermediates for this preparation, and the preparation thereof",20000815,,http://patft.uspto.gov/netacgi/nph-Parser?d=PALL&p=1&u=%2Fnetahtml%2FPTO%2Fsrchnum.htm&r=1&f=G&l=50&s1=6103940.PN.&OS=PN/6103940&RS=PN/6103940
US6160617,High resolution imaging microscope (HIRIM) and uses thereof,20001212,,http://patft.uspto.gov/netacgi/nph-Parser?d=PALL&p=1&u=%2Fnetahtml%2FPTO%2Fsrchnum.htm&r=1&f=G&l=50&s1=6160617.PN.&OS=PN/6160617&RS=PN/6160617
US4539230,Method for preventing deposition of polymer scale and a coating agent therefor,19850903,,http://patft.uspto.gov/netacgi/nph-Parser?d=PALL&p=1&u=%2Fnetahtml%2FPTO%2Fsrchnum.htm&r=1&f=G&l=50&s1=4539230.PN.&OS=PN/4539230&RS=PN/4539230
WO0068395,"SULFOHYDROLASES, CORRESPONDING AMINO ACID AND NUCLEOTIDE SEQUENCES, SULFOHYDROLASE PREPARATIONS, PROCESSES, AND PRODUCTS THEREOF SULFOHYDROLASES, CORRESPONDING AMINO ACID AND NUCLEOTIDE SEQUENCES, SULFOHYDROLASE PREPARATIONS, PROCESSES, AND PRODUCTS THEREOF",20001116,,http://patentscope.wipo.int/search/en/detail.jsf?docId=WO2000068395
WO9500130,USE OF HYDROPHILIC CAROTENOIDS FOR THE MANUFACTURE OF A MEDICAMENT FOR THE TREATMENT OF DISEASES HAVING AN OXYGENATION MECHANISM,19950105,,http://patentscope.wipo.int/search/en/detail.jsf?docId=WO1995000130
WO9828081,METHOD FOR DEWATERING MICROALGAE WITH A BUBBLE COLUMN,19980702,,http://patentscope.wipo.int/search/en/detail.jsf?docId=WO1998028081
WO9828082,FLOTATION SEPARATION METHODS AND SYSTEMS FOR DEWATERING SUSPENSIONS OF MICROALGAE AND EXTRACTING COMPONENTS THEREFROM,19980702,,http://patentscope.wipo.int/search/en/detail.jsf?docId=WO1998028082
WO9828083,METHODS FOR DEWATERING MICROALGAE WITH A JAMESON FLOTATION CELL,19980702,,http://patentscope.wipo.int/search/en/detail.jsf?docId=WO1998028083
WO9828403,METHOD FOR CROSS FLOW MICROFILTRATION OF MICROALGAE IN THE ABSENCE OF FLOCCULATING AGENTS,19980702,,http://patentscope.wipo.int/search/en/detail.jsf?docId=WO1998028403
WO9828404,METHOD FOR DEEP BED FILTRATION OF MICROALGAE,19980702,,http://patentscope.wipo.int/search/en/detail.jsf?docId=WO1998028404
WO9828407,METHOD FOR RUPTURING MICROALGAE CELLS METHOD FOR RUPTURING MICROALGAE CELLS,19980702,,http://patentscope.wipo.int/search/en/detail.jsf?docId=WO1998028407
US2013172407,Inhibition of Cancer Cell Proliferation Using Oleoylethanolamide,20121106,20130704,http://appft1.uspto.gov/netacgi/nph-Parser?Sect1=PTO1&Sect2=HITOFF&d=PG01&p=1&u=/netahtml/PTO/srchnum.html&r=1&f=G&l=50&s1=20130172407.PGNR.&OS=DN/20130172407&RS=DN/20130172407
US2012156259,Biodegradable Polyethylene Glycol Based Water-Insoluble Hydrogels,20100730,20120621,http://appft1.uspto.gov/netacgi/nph-Parser?Sect1=PTO1&Sect2=HITOFF&d=PG01&p=1&u=/netahtml/PTO/srchnum.html&r=1&f=G&l=50&s1=20120156259.PGNR.&OS=DN/20120156259&RS=DN/20120156259
US2012220580,PREPARATION OF CAROTENOID DERIVATIVES AND THEIR APPLICATIONS,20120419,20120830,http://appft1.uspto.gov/netacgi/nph-Parser?Sect1=PTO1&Sect2=HITOFF&d=PG01&p=1&u=/netahtml/PTO/srchnum.html&r=1&f=G&l=50&s1=20120220580.PGNR.&OS=DN/20120220580&RS=DN/20120220580
US2013071525,COATING FAT COMPOSITION AND PARTICULATE COMPOSITION USING THE SAME,20110329,20130321,http://appft1.uspto.gov/netacgi/nph-Parser?Sect1=PTO1&Sect2=HITOFF&d=PG01&p=1&u=/netahtml/PTO/srchnum.html&r=1&f=G&l=50&s1=20130071525.PGNR.&OS=DN/20130071525&RS=DN/20130071525
US2010269731,ANTI-FOULING COMPOSITION COMPRISING AN AEROGEL,20081112,20101028,http://appft1.uspto.gov/netacgi/nph-Parser?Sect1=PTO1&Sect2=HITOFF&d=PG01&p=1&u=/netahtml/PTO/srchnum.html&r=1&f=G&l=50&s1=20100269731.PGNR.&OS=DN/20100269731&RS=DN/20100269731
US2010272763,SKIN EXTERNAL PREPARATION AND METHOD OF PRODUCING THE SAME,20081211,20101028,http://appft1.uspto.gov/netacgi/nph-Parser?Sect1=PTO1&Sect2=HITOFF&d=PG01&p=1&u=/netahtml/PTO/srchnum.html&r=1&f=G&l=50&s1=20100272763.PGNR.&OS=DN/20100272763&RS=DN/20100272763
US2010273727,ORAL ADMINISTRATION COMPOSITION,20080828,20101028,http://appft1.uspto.gov/netacgi/nph-Parser?Sect1=PTO1&Sect2=HITOFF&d=PG01&p=1&u=/netahtml/PTO/srchnum.html&r=1&f=G&l=50&s1=20100273727.PGNR.&OS=DN/20100273727&RS=DN/20100273727
US2010291008,EMULSION COMPOSITION,20081121,20101118,http://appft1.uspto.gov/netacgi/nph-Parser?Sect1=PTO1&Sect2=HITOFF&d=PG01&p=1&u=/netahtml/PTO/srchnum.html&r=1&f=G&l=50&s1=20100291008.PGNR.&OS=DN/20100291008&RS=DN/20100291008
US2010221306,ADHESIVE GEL SHEET FOR LIVING ORGANISMS AND SHEET FORM COSMETICS COMPRISING THE SAME,20080821,20100902,http://appft1.uspto.gov/netacgi/nph-Parser?Sect1=PTO1&Sect2=HITOFF&d=PG01&p=1&u=/netahtml/PTO/srchnum.html&r=1&f=G&l=50&s1=20100221306.PGNR.&OS=DN/20100221306&RS=DN/20100221306
US2010239621,GEL SHEET AND COSMETIC PREPARATION IN SHEET FORM USING THE SAME,20081016,20100923,http://appft1.uspto.gov/netacgi/nph-Parser?Sect1=PTO1&Sect2=HITOFF&d=PG01&p=1&u=/netahtml/PTO/srchnum.html&r=1&f=G&l=50&s1=20100239621.PGNR.&OS=DN/20100239621&RS=DN/20100239621
US2010255458,BIOREACTOR,20080618,20101007,http://appft1.uspto.gov/netacgi/nph-Parser?Sect1=PTO1&Sect2=HITOFF&d=PG01&p=1&u=/netahtml/PTO/srchnum.html&r=1&f=G&l=50&s1=20100255458.PGNR.&OS=DN/20100255458&RS=DN/20100255458
US2010215782,NOVEL MITOCHONDRIAL UNCOUPLING METHODS AND COMPOSITIONS FOR ENHANCING ADIPOCYTE THERMOGENESIS,20091020,20100826,http://appft1.uspto.gov/netacgi/nph-Parser?Sect1=PTO1&Sect2=HITOFF&d=PG01&p=1&u=/netahtml/PTO/srchnum.html&r=1&f=G&l=50&s1=20100215782.PGNR.&OS=DN/20100215782&RS=DN/20100215782
US2010076091,COMPOSITION AND METHOD FOR SUPPRESSING LIPOOXIDATION OF ERYTHROCYTE,20070214,20100325,http://appft1.uspto.gov/netacgi/nph-Parser?Sect1=PTO1&Sect2=HITOFF&d=PG01&p=1&u=/netahtml/PTO/srchnum.html&r=1&f=G&l=50&s1=20100076091.PGNR.&OS=DN/20100076091&RS=DN/20100076091
US2010093847,ANTI-OBESITY ACTIVE AGENT AND ANTI-OBESITY METHOD,20060316,20100415,http://appft1.uspto.gov/netacgi/nph-Parser?Sect1=PTO1&Sect2=HITOFF&d=PG01&p=1&u=/netahtml/PTO/srchnum.html&r=1&f=G&l=50&s1=20100093847.PGNR.&OS=DN/20100093847&RS=DN/20100093847
US2010062040,WATER SOLUBLE DRUGS AND SUPPLEMENTS,20090821,20100311,http://appft1.uspto.gov/netacgi/nph-Parser?Sect1=PTO1&Sect2=HITOFF&d=PG01&p=1&u=/netahtml/PTO/srchnum.html&r=1&f=G&l=50&s1=20100062040.PGNR.&OS=DN/20100062040&RS=DN/20100062040
US2009306222,FOOD SUPPLEMENTS AND USES THEREOF,20070404,20091210,http://appft1.uspto.gov/netacgi/nph-Parser?Sect1=PTO1&Sect2=HITOFF&d=PG01&p=1&u=/netahtml/PTO/srchnum.html&r=1&f=G&l=50&s1=20090306222.PGNR.&OS=DN/20090306222&RS=DN/20090306222
US2009253164,E. COLI FOR EFFICIENT PRODUCTION OF CARATENOIDS,20081126,20091008,http://appft1.uspto.gov/netacgi/nph-Parser?Sect1=PTO1&Sect2=HITOFF&d=PG01&p=1&u=/netahtml/PTO/srchnum.html&r=1&f=G&l=50&s1=20090253164.PGNR.&OS=DN/20090253164&RS=DN/20090253164
US2009110674,Health supplement,20081022,20090430,http://appft1.uspto.gov/netacgi/nph-Parser?Sect1=PTO1&Sect2=HITOFF&d=PG01&p=1&u=/netahtml/PTO/srchnum.html&r=1&f=G&l=50&s1=20090110674.PGNR.&OS=DN/20090110674&RS=DN/20090110674
US2008274195,Compositions and Methods for Making and Using Nanoemulsions,20060711,20081106,http://appft1.uspto.gov/netacgi/nph-Parser?Sect1=PTO1&Sect2=HITOFF&d=PG01&p=1&u=/netahtml/PTO/srchnum.html&r=1&f=G&l=50&s1=20080274195.PGNR.&OS=DN/20080274195&RS=DN/20080274195
US2008286254,Composition comprising licorice polyphenol,20080516,20081120,http://appft1.uspto.gov/netacgi/nph-Parser?Sect1=PTO1&Sect2=HITOFF&d=PG01&p=1&u=/netahtml/PTO/srchnum.html&r=1&f=G&l=50&s1=20080286254.PGNR.&OS=DN/20080286254&RS=DN/20080286254
US2008287393,External Skin Composition,20080118,20081120,http://appft1.uspto.gov/netacgi/nph-Parser?Sect1=PTO1&Sect2=HITOFF&d=PG01&p=1&u=/netahtml/PTO/srchnum.html&r=1&f=G&l=50&s1=20080287393.PGNR.&OS=DN/20080287393&RS=DN/20080287393
US2008233209,Composition and method of use for the treatment of metabolic syndrome and inflammation,20080324,20080925,http://appft1.uspto.gov/netacgi/nph-Parser?Sect1=PTO1&Sect2=HITOFF&d=PG01&p=1&u=/netahtml/PTO/srchnum.html&r=1&f=G&l=50&s1=20080233209.PGNR.&OS=DN/20080233209&RS=DN/20080233209
US2008153148,Increasing bioavailability of carotenoids,20071126,20080626,http://appft1.uspto.gov/netacgi/nph-Parser?Sect1=PTO1&Sect2=HITOFF&d=PG01&p=1&u=/netahtml/PTO/srchnum.html&r=1&f=G&l=50&s1=20080153148.PGNR.&OS=DN/20080153148&RS=DN/20080153148
US2008058400,Skin external preparation,20070820,20080306,http://appft1.uspto.gov/netacgi/nph-Parser?Sect1=PTO1&Sect2=HITOFF&d=PG01&p=1&u=/netahtml/PTO/srchnum.html&r=1&f=G&l=50&s1=20080058400.PGNR.&OS=DN/20080058400&RS=DN/20080058400
US2008025929,Topical Formulations for the Treatment of Skin Conditions,20050217,20080131,http://appft1.uspto.gov/netacgi/nph-Parser?Sect1=PTO1&Sect2=HITOFF&d=PG01&p=1&u=/netahtml/PTO/srchnum.html&r=1&f=G&l=50&s1=20080025929.PGNR.&OS=DN/20080025929&RS=DN/20080025929
US2007224216,Methods and Compositions Related to Antiviral Therapy Using Algae and Cyanobacteria,20050504,20070927,http://appft1.uspto.gov/netacgi/nph-Parser?Sect1=PTO1&Sect2=HITOFF&d=PG01&p=1&u=/netahtml/PTO/srchnum.html&r=1&f=G&l=50&s1=20070224216.PGNR.&OS=DN/20070224216&RS=DN/20070224216
US2007248668,Pharmaceutical compositions and uses thereof,20070405,20071025,http://appft1.uspto.gov/netacgi/nph-Parser?Sect1=PTO1&Sect2=HITOFF&d=PG01&p=1&u=/netahtml/PTO/srchnum.html&r=1&f=G&l=50&s1=20070248668.PGNR.&OS=DN/20070248668&RS=DN/20070248668
US2007122363,CORPOREAL DELIVERY OF CAROTENOIDS,20061127,20070531,http://appft1.uspto.gov/netacgi/nph-Parser?Sect1=PTO1&Sect2=HITOFF&d=PG01&p=1&u=/netahtml/PTO/srchnum.html&r=1&f=G&l=50&s1=20070122363.PGNR.&OS=DN/20070122363&RS=DN/20070122363
US2007065900,Process for chromosomal expression of foreign genes in the cytochrome-C peroxidase (cytCP) region of a methylotrophic microbial host cell,20050919,20070322,http://appft1.uspto.gov/netacgi/nph-Parser?Sect1=PTO1&Sect2=HITOFF&d=PG01&p=1&u=/netahtml/PTO/srchnum.html&r=1&f=G&l=50&s1=20070065900.PGNR.&OS=DN/20070065900&RS=DN/20070065900
US2007065901,Process for chromosomal expression of foreign genes in the PAPS reductase (cysH) region of a methylotrophic microbial host cell,20050919,20070322,http://appft1.uspto.gov/netacgi/nph-Parser?Sect1=PTO1&Sect2=HITOFF&d=PG01&p=1&u=/netahtml/PTO/srchnum.html&r=1&f=G&l=50&s1=20070065901.PGNR.&OS=DN/20070065901&RS=DN/20070065901
US2007065902,Process for chromosomal expression of foreign genes in the fliC region of a methylotrophic microbial host cell,20050919,20070322,http://appft1.uspto.gov/netacgi/nph-Parser?Sect1=PTO1&Sect2=HITOFF&d=PG01&p=1&u=/netahtml/PTO/srchnum.html&r=1&f=G&l=50&s1=20070065902.PGNR.&OS=DN/20070065902&RS=DN/20070065902
US2007065903,Process for chromosomal expression of foreign genes in the hsdM region of a methylotrophic microbial host cell,20050919,20070322,http://appft1.uspto.gov/netacgi/nph-Parser?Sect1=PTO1&Sect2=HITOFF&d=PG01&p=1&u=/netahtml/PTO/srchnum.html&r=1&f=G&l=50&s1=20070065903.PGNR.&OS=DN/20070065903&RS=DN/20070065903
US2007036742,Methods and compositions for modulating hair growth or regrowth,20060808,20070215,http://appft1.uspto.gov/netacgi/nph-Parser?Sect1=PTO1&Sect2=HITOFF&d=PG01&p=1&u=/netahtml/PTO/srchnum.html&r=1&f=G&l=50&s1=20070036742.PGNR.&OS=DN/20070036742&RS=DN/20070036742
US2006165734,Novel method of deodorization for fat odor and composition obtained by the same,20040608,20060727,http://appft1.uspto.gov/netacgi/nph-Parser?Sect1=PTO1&Sect2=HITOFF&d=PG01&p=1&u=/netahtml/PTO/srchnum.html&r=1&f=G&l=50&s1=20060165734.PGNR.&OS=DN/20060165734&RS=DN/20060165734
US2006094077,Increasing bioavailability of carotenoids,20051215,20060504,http://appft1.uspto.gov/netacgi/nph-Parser?Sect1=PTO1&Sect2=HITOFF&d=PG01&p=1&u=/netahtml/PTO/srchnum.html&r=1&f=G&l=50&s1=20060094077.PGNR.&OS=DN/20060094077&RS=DN/20060094077
US2005226858,Compositions containing reduced coenzyme Q10 and carotenoid,20050408,20051013,http://appft1.uspto.gov/netacgi/nph-Parser?Sect1=PTO1&Sect2=HITOFF&d=PG01&p=1&u=/netahtml/PTO/srchnum.html&r=1&f=G&l=50&s1=20050226858.PGNR.&OS=DN/20050226858&RS=DN/20050226858
US2005147579,Antifouling composition comprising an enzyme in the absence of its substrate,20030411,20050707,http://appft1.uspto.gov/netacgi/nph-Parser?Sect1=PTO1&Sect2=HITOFF&d=PG01&p=1&u=/netahtml/PTO/srchnum.html&r=1&f=G&l=50&s1=20050147579.PGNR.&OS=DN/20050147579&RS=DN/20050147579
US2004259835,Stabilized brivudine topical formulations,20040413,20041223,http://appft1.uspto.gov/netacgi/nph-Parser?Sect1=PTO1&Sect2=HITOFF&d=PG01&p=1&u=/netahtml/PTO/srchnum.html&r=1&f=G&l=50&s1=20040259835.PGNR.&OS=DN/20040259835&RS=DN/20040259835
US2005002879,External skin compositions,20020311,20050106,http://appft1.uspto.gov/netacgi/nph-Parser?Sect1=PTO1&Sect2=HITOFF&d=PG01&p=1&u=/netahtml/PTO/srchnum.html&r=1&f=G&l=50&s1=20050002879.PGNR.&OS=DN/20050002879&RS=DN/20050002879
US2004219629,Increasing carotenoid production in bacteria via chromosomal integration,20031212,20041104,http://appft1.uspto.gov/netacgi/nph-Parser?Sect1=PTO1&Sect2=HITOFF&d=PG01&p=1&u=/netahtml/PTO/srchnum.html&r=1&f=G&l=50&s1=20040219629.PGNR.&OS=DN/20040219629&RS=DN/20040219629
US2004161364,Carbon sequestration in aqueous environments,20040209,20040819,http://appft1.uspto.gov/netacgi/nph-Parser?Sect1=PTO1&Sect2=HITOFF&d=PG01&p=1&u=/netahtml/PTO/srchnum.html&r=1&f=G&l=50&s1=20040161364.PGNR.&OS=DN/20040161364&RS=DN/20040161364
US2004175407,"Microorganism coating components, coatings, and coated surfaces",20040303,20040909,http://appft1.uspto.gov/netacgi/nph-Parser?Sect1=PTO1&Sect2=HITOFF&d=PG01&p=1&u=/netahtml/PTO/srchnum.html&r=1&f=G&l=50&s1=20040175407.PGNR.&OS=DN/20040175407&RS=DN/20040175407
US2004175785,Increasing bioavailability of carotenoids,20040412,20040909,http://appft1.uspto.gov/netacgi/nph-Parser?Sect1=PTO1&Sect2=HITOFF&d=PG01&p=1&u=/netahtml/PTO/srchnum.html&r=1&f=G&l=50&s1=20040175785.PGNR.&OS=DN/20040175785&RS=DN/20040175785
US2004109920,Coated carotenoid cyclodextrin complexes,20021204,20040610,http://appft1.uspto.gov/netacgi/nph-Parser?Sect1=PTO1&Sect2=HITOFF&d=PG01&p=1&u=/netahtml/PTO/srchnum.html&r=1&f=G&l=50&s1=20040109920.PGNR.&OS=DN/20040109920&RS=DN/20040109920
US2004115758,Method of purifying crude xanthophylls,20040115,20040617,http://appft1.uspto.gov/netacgi/nph-Parser?Sect1=PTO1&Sect2=HITOFF&d=PG01&p=1&u=/netahtml/PTO/srchnum.html&r=1&f=G&l=50&s1=20040115758.PGNR.&OS=DN/20040115758&RS=DN/20040115758
US2004116514,Compositions for preventing human cancer and method of preventing human cancer,20031009,20040617,http://appft1.uspto.gov/netacgi/nph-Parser?Sect1=PTO1&Sect2=HITOFF&d=PG01&p=1&u=/netahtml/PTO/srchnum.html&r=1&f=G&l=50&s1=20040116514.PGNR.&OS=DN/20040116514&RS=DN/20040116514
US2003206972,Compositions containing carotenoids and tocotrienols and having synergistic antioxidant effect,20011011,20031106,http://appft1.uspto.gov/netacgi/nph-Parser?Sect1=PTO1&Sect2=HITOFF&d=PG01&p=1&u=/netahtml/PTO/srchnum.html&r=1&f=G&l=50&s1=20030206972.PGNR.&OS=DN/20030206972&RS=DN/20030206972
US2002177181,Increasing bioavailability of carotenoids,20010727,20021128,http://appft1.uspto.gov/netacgi/nph-Parser?Sect1=PTO1&Sect2=HITOFF&d=PG01&p=1&u=/netahtml/PTO/srchnum.html&r=1&f=G&l=50&s1=20020177181.PGNR.&OS=DN/20020177181&RS=DN/20020177181
US2002120001,"Compositions containing tryptamines, cartenoids and tocotrienols and having synergistic antioxidant effect",20011011,20020829,http://appft1.uspto.gov/netacgi/nph-Parser?Sect1=PTO1&Sect2=HITOFF&d=PG01&p=1&u=/netahtml/PTO/srchnum.html&r=1&f=G&l=50&s1=20020120001.PGNR.&OS=DN/20020120001&RS=DN/20020120001
US2002110604,Composition exhibiting synergistic antioxidant activity,20010809,20020815,http://appft1.uspto.gov/netacgi/nph-Parser?Sect1=PTO1&Sect2=HITOFF&d=PG01&p=1&u=/netahtml/PTO/srchnum.html&r=1&f=G&l=50&s1=20020110604.PGNR.&OS=DN/20020110604&RS=DN/20020110604
US8663690,Method for nanoencapsulation,20061031,20140304,http://patft.uspto.gov/netacgi/nph-Parser?d=PALL&p=1&u=%2Fnetahtml%2FPTO%2Fsrchnum.htm&r=1&f=G&l=50&s1=8663690.PN.&OS=PN/8663690&RS=PN/8663690
US8633009,Production of quinone derived compounds in oleaginous yeast and fungi,20070320,20140121,http://patft.uspto.gov/netacgi/nph-Parser?d=PALL&p=1&u=%2Fnetahtml%2FPTO%2Fsrchnum.htm&r=1&f=G&l=50&s1=8633009.PN.&OS=PN/8633009&RS=PN/8633009
US8367072,Composition for treating obesity and method of using the same,20071210,20130205,http://patft.uspto.gov/netacgi/nph-Parser?d=PALL&p=1&u=%2Fnetahtml%2FPTO%2Fsrchnum.htm&r=1&f=G&l=50&s1=8367072.PN.&OS=PN/8367072&RS=PN/8367072
US8367395,Production of sterols in oleaginous yeast and fungi,20070928,20130205,http://patft.uspto.gov/netacgi/nph-Parser?d=PALL&p=1&u=%2Fnetahtml%2FPTO%2Fsrchnum.htm&r=1&f=G&l=50&s1=8367395.PN.&OS=PN/8367395&RS=PN/8367395
US8211461,Compositions and methods for promoting weight gain and feed conversion,20050923,20120703,http://patft.uspto.gov/netacgi/nph-Parser?d=PALL&p=1&u=%2Fnetahtml%2FPTO%2Fsrchnum.htm&r=1&f=G&l=50&s1=8211461.PN.&OS=PN/8211461&RS=PN/8211461
US8158683,Dietary supplements containing extracts of aronia and methods of using same to promote weight loss,20090520,20120417,http://patft.uspto.gov/netacgi/nph-Parser?d=PALL&p=1&u=%2Fnetahtml%2FPTO%2Fsrchnum.htm&r=1&f=G&l=50&s1=8158683.PN.&OS=PN/8158683&RS=PN/8158683
US8008061,Trophic conversion of obligate phototrophic algae through metabolic engineering,20070821,20110830,http://patft.uspto.gov/netacgi/nph-Parser?d=PALL&p=1&u=%2Fnetahtml%2FPTO%2Fsrchnum.htm&r=1&f=G&l=50&s1=8008061.PN.&OS=PN/8008061&RS=PN/8008061
US7892580,Process for producing a stable concentrated dietary supplement and supplement produced thereby,20090430,20110222,http://patft.uspto.gov/netacgi/nph-Parser?d=PALL&p=1&u=%2Fnetahtml%2FPTO%2Fsrchnum.htm&r=1&f=G&l=50&s1=7892580.PN.&OS=PN/7892580&RS=PN/7892580
US7851199,Production of carotenoids in oleaginous yeast and fungi,20060320,20101214,http://patft.uspto.gov/netacgi/nph-Parser?d=PALL&p=1&u=%2Fnetahtml%2FPTO%2Fsrchnum.htm&r=1&f=G&l=50&s1=7851199.PN.&OS=PN/7851199&RS=PN/7851199
US7635469,Micronutrient formulations for hearing health,20080401,20091222,http://patft.uspto.gov/netacgi/nph-Parser?d=PALL&p=1&u=%2Fnetahtml%2FPTO%2Fsrchnum.htm&r=1&f=G&l=50&s1=7635469.PN.&OS=PN/7635469&RS=PN/7635469
US7628984,Micronutrient formulations for pulmonary and heart health,20080606,20091208,http://patft.uspto.gov/netacgi/nph-Parser?d=PALL&p=1&u=%2Fnetahtml%2FPTO%2Fsrchnum.htm&r=1&f=G&l=50&s1=7628984.PN.&OS=PN/7628984&RS=PN/7628984
US7504236,Method to increase carotenoid production in a microbial host cell by down-regulating glycogen synthase,20070402,20090317,http://patft.uspto.gov/netacgi/nph-Parser?d=PALL&p=1&u=%2Fnetahtml%2FPTO%2Fsrchnum.htm&r=1&f=G&l=50&s1=7504236.PN.&OS=PN/7504236&RS=PN/7504236
US7241463,Methods for processing crustacean material,20010921,20070710,http://patft.uspto.gov/netacgi/nph-Parser?d=PALL&p=1&u=%2Fnetahtml%2FPTO%2Fsrchnum.htm&r=1&f=G&l=50&s1=7241463.PN.&OS=PN/7241463&RS=PN/7241463
US7252942,Parallel chromosomal stacking of traits in bacteria,20031212,20070807,http://patft.uspto.gov/netacgi/nph-Parser?d=PALL&p=1&u=%2Fnetahtml%2FPTO%2Fsrchnum.htm&r=1&f=G&l=50&s1=7252942.PN.&OS=PN/7252942&RS=PN/7252942
US7256014,Method to increase hydrophobic compound titer in a recombinant microorganism,20050727,20070814,http://patft.uspto.gov/netacgi/nph-Parser?d=PALL&p=1&u=%2Fnetahtml%2FPTO%2Fsrchnum.htm&r=1&f=G&l=50&s1=7256014.PN.&OS=PN/7256014&RS=PN/7256014
US7232665,Mutations affecting carotenoid production,20031212,20070619,http://patft.uspto.gov/netacgi/nph-Parser?d=PALL&p=1&u=%2Fnetahtml%2FPTO%2Fsrchnum.htm&r=1&f=G&l=50&s1=7232665.PN.&OS=PN/7232665&RS=PN/7232665
US7192731,Methods for efficient extraction of carotenoids using an esterase,20030915,20070320,http://patft.uspto.gov/netacgi/nph-Parser?d=PALL&p=1&u=%2Fnetahtml%2FPTO%2Fsrchnum.htm&r=1&f=G&l=50&s1=7192731.PN.&OS=PN/7192731&RS=PN/7192731
US7098005,Natural promoters for gene expression in C1 metabolizing bacteria,20051014,20060829,http://patft.uspto.gov/netacgi/nph-Parser?d=PALL&p=1&u=%2Fnetahtml%2FPTO%2Fsrchnum.htm&r=1&f=G&l=50&s1=7098005.PN.&OS=PN/7098005&RS=PN/7098005
US7026464,Natural promoters for gene expression in C1 metabolizing bacteria,20031020,20060411,http://patft.uspto.gov/netacgi/nph-Parser?d=PALL&p=1&u=%2Fnetahtml%2FPTO%2Fsrchnum.htm&r=1&f=G&l=50&s1=7026464.PN.&OS=PN/7026464&RS=PN/7026464
US6579714,"Method of culturing algae capable of producing phototrophic pigments, highly unsaturated fatty acids, or polysaccharides at high concentration",20020201,20030617,http://patft.uspto.gov/netacgi/nph-Parser?d=PALL&p=1&u=%2Fnetahtml%2FPTO%2Fsrchnum.htm&r=1&f=G&l=50&s1=6579714.PN.&OS=PN/6579714&RS=PN/6579714
US6540654,Carotenoid esters,20020222,20030401,http://patft.uspto.gov/netacgi/nph-Parser?d=PALL&p=1&u=%2Fnetahtml%2FPTO%2Fsrchnum.htm&r=1&f=G&l=50&s1=6540654.PN.&OS=PN/6540654&RS=PN/6540654
US2014356420,MICRO-PARTICLE COMPRISING A PROTEIN EXTRACT FROM SWEET POTATO FOR EXTENDING SATIETY AND CONTROLLING BLOOD GLUCOSE AND LIPID LEVELS,20130530,20141204,http://appft1.uspto.gov/netacgi/nph-Parser?Sect1=PTO1&Sect2=HITOFF&d=PG01&p=1&u=/netahtml/PTO/srchnum.html&r=1&f=G&l=50&s1=20140356420.PGNR.&OS=DN/20140356420&RS=DN/20140356420
US2014370154,"EMULSION COMPOSITION, AND COMPOSITION CONTAINING SAME",20120423,20141218,http://appft1.uspto.gov/netacgi/nph-Parser?Sect1=PTO1&Sect2=HITOFF&d=PG01&p=1&u=/netahtml/PTO/srchnum.html&r=1&f=G&l=50&s1=20140370154.PGNR.&OS=DN/20140370154&RS=DN/20140370154
US2014335123,Food Composition and Uses for Diabetes,20140424,20141113,http://appft1.uspto.gov/netacgi/nph-Parser?Sect1=PTO1&Sect2=HITOFF&d=PG01&p=1&u=/netahtml/PTO/srchnum.html&r=1&f=G&l=50&s1=20140335123.PGNR.&OS=DN/20140335123&RS=DN/20140335123
US2014296257,High-Loading Water-Soluable Carrier-Linked Prodrugs,20120810,20141002,http://appft1.uspto.gov/netacgi/nph-Parser?Sect1=PTO1&Sect2=HITOFF&d=PG01&p=1&u=/netahtml/PTO/srchnum.html&r=1&f=G&l=50&s1=20140296257.PGNR.&OS=DN/20140296257&RS=DN/20140296257
US2014315279,PRODUCTION OF QUINONE DERIVED COMPOUNDS IN OLEAGINOUS YEAST AND FUNGI,20131212,20141023,http://appft1.uspto.gov/netacgi/nph-Parser?Sect1=PTO1&Sect2=HITOFF&d=PG01&p=1&u=/netahtml/PTO/srchnum.html&r=1&f=G&l=50&s1=20140315279.PGNR.&OS=DN/20140315279&RS=DN/20140315279
US2014274965,Drink Product and Use Thereof,20130314,20140918,http://appft1.uspto.gov/netacgi/nph-Parser?Sect1=PTO1&Sect2=HITOFF&d=PG01&p=1&u=/netahtml/PTO/srchnum.html&r=1&f=G&l=50&s1=20140274965.PGNR.&OS=DN/20140274965&RS=DN/20140274965
US2014274966,Drink Product Containing Genistein and Use Thereof,20130821,20140918,http://appft1.uspto.gov/netacgi/nph-Parser?Sect1=PTO1&Sect2=HITOFF&d=PG01&p=1&u=/netahtml/PTO/srchnum.html&r=1&f=G&l=50&s1=20140274966.PGNR.&OS=DN/20140274966&RS=DN/20140274966
US2014234928,PRODUCTION OF CAROTENOIDS IN OLEAGINOUS YEAST AND FUNGI,20140218,20140821,http://appft1.uspto.gov/netacgi/nph-Parser?Sect1=PTO1&Sect2=HITOFF&d=PG01&p=1&u=/netahtml/PTO/srchnum.html&r=1&f=G&l=50&s1=20140234928.PGNR.&OS=DN/20140234928&RS=DN/20140234928
US2014243254,Polymeric Hyperbranched Carrier-Linked Prodrugs,20120810,20140828,http://appft1.uspto.gov/netacgi/nph-Parser?Sect1=PTO1&Sect2=HITOFF&d=PG01&p=1&u=/netahtml/PTO/srchnum.html&r=1&f=G&l=50&s1=20140243254.PGNR.&OS=DN/20140243254&RS=DN/20140243254
US2014248410,CAROTENOID-CONTAINING COMPOSITION AND METHOD FOR PRODUCING SAME,20140515,20140904,http://appft1.uspto.gov/netacgi/nph-Parser?Sect1=PTO1&Sect2=HITOFF&d=PG01&p=1&u=/netahtml/PTO/srchnum.html&r=1&f=G&l=50&s1=20140248410.PGNR.&OS=DN/20140248410&RS=DN/20140248410
US2014255524,ALPHA-GPC DIETARY SUPPLEMENTS FOR WEIGHT LOSS AND/OR INCREASING OR MAINTAINING LEAN BODY MASS,20140307,20140911,http://appft1.uspto.gov/netacgi/nph-Parser?Sect1=PTO1&Sect2=HITOFF&d=PG01&p=1&u=/netahtml/PTO/srchnum.html&r=1&f=G&l=50&s1=20140255524.PGNR.&OS=DN/20140255524&RS=DN/20140255524
US2014194547,SURFACE MODIFICATION METHOD AND SURFACE-MODIFIED ELASTIC BODY,20131216,20140710,http://appft1.uspto.gov/netacgi/nph-Parser?Sect1=PTO1&Sect2=HITOFF&d=PG01&p=1&u=/netahtml/PTO/srchnum.html&r=1&f=G&l=50&s1=20140194547.PGNR.&OS=DN/20140194547&RS=DN/20140194547
US2014148488,Compositions and Methods for Modulating Metabolic Pathways,20130419,20140529,http://appft1.uspto.gov/netacgi/nph-Parser?Sect1=PTO1&Sect2=HITOFF&d=PG01&p=1&u=/netahtml/PTO/srchnum.html&r=1&f=G&l=50&s1=20140148488.PGNR.&OS=DN/20140148488&RS=DN/20140148488
US2014155961,METHODS OF TREATING SKIN,20140207,20140605,http://appft1.uspto.gov/netacgi/nph-Parser?Sect1=PTO1&Sect2=HITOFF&d=PG01&p=1&u=/netahtml/PTO/srchnum.html&r=1&f=G&l=50&s1=20140155961.PGNR.&OS=DN/20140155961&RS=DN/20140155961
US2014162330,ENGINEERED MICROALGAE WITH ENHANCED LIPID PRODUCTION,20111213,20140612,http://appft1.uspto.gov/netacgi/nph-Parser?Sect1=PTO1&Sect2=HITOFF&d=PG01&p=1&u=/netahtml/PTO/srchnum.html&r=1&f=G&l=50&s1=20140162330.PGNR.&OS=DN/20140162330&RS=DN/20140162330
US2014170700,Method For Producing Carotenoids Each Having 50 Carbon Atoms,20120608,20140619,http://appft1.uspto.gov/netacgi/nph-Parser?Sect1=PTO1&Sect2=HITOFF&d=PG01&p=1&u=/netahtml/PTO/srchnum.html&r=1&f=G&l=50&s1=20140170700.PGNR.&OS=DN/20140170700&RS=DN/20140170700
US2014179657,METHOD FOR PRODUCING CAROTENOID COMPOSITION,20120629,20140626,http://appft1.uspto.gov/netacgi/nph-Parser?Sect1=PTO1&Sect2=HITOFF&d=PG01&p=1&u=/netahtml/PTO/srchnum.html&r=1&f=G&l=50&s1=20140179657.PGNR.&OS=DN/20140179657&RS=DN/20140179657
US2014113301,DETECTION OF SAXITOXIN-PRODUCING DINOFLAGELLATES,20120516,20140424,http://appft1.uspto.gov/netacgi/nph-Parser?Sect1=PTO1&Sect2=HITOFF&d=PG01&p=1&u=/netahtml/PTO/srchnum.html&r=1&f=G&l=50&s1=20140113301.PGNR.&OS=DN/20140113301&RS=DN/20140113301
US2014087448,"PROCESS FOR OBTAINING A BROWN ALGAE LYOPHILISATE, AND COSMETIC PREPARATIONS THEREOF",20131127,20140327,http://appft1.uspto.gov/netacgi/nph-Parser?Sect1=PTO1&Sect2=HITOFF&d=PG01&p=1&u=/netahtml/PTO/srchnum.html&r=1&f=G&l=50&s1=20140087448.PGNR.&OS=DN/20140087448&RS=DN/20140087448
US2014023602,EXTERNAL PREPARATION FOR SKIN CONTAINING A PHOSPHORYLATED SACCHARIDE,20130925,20140123,http://appft1.uspto.gov/netacgi/nph-Parser?Sect1=PTO1&Sect2=HITOFF&d=PG01&p=1&u=/netahtml/PTO/srchnum.html&r=1&f=G&l=50&s1=20140023602.PGNR.&OS=DN/20140023602&RS=DN/20140023602
US2014037678,COMPOSITION FOR TREATING OBESITY AND METHOD OF USING THE SAME,20130102,20140206,http://appft1.uspto.gov/netacgi/nph-Parser?Sect1=PTO1&Sect2=HITOFF&d=PG01&p=1&u=/netahtml/PTO/srchnum.html&r=1&f=G&l=50&s1=20140037678.PGNR.&OS=DN/20140037678&RS=DN/20140037678
US2014037762,"ADIPONECTIN PRODUCTION PROMOTER, AND MEDICINAL COMPOSITION, FOOD, DRINK AND FEED CONTAINING ADIPONECTIN PRODUCTION PROMOTER",20120214,20140206,http://appft1.uspto.gov/netacgi/nph-Parser?Sect1=PTO1&Sect2=HITOFF&d=PG01&p=1&u=/netahtml/PTO/srchnum.html&r=1&f=G&l=50&s1=20140037762.PGNR.&OS=DN/20140037762&RS=DN/20140037762
US2014039052,FORMULATIONS OF LIPOPHILIC BIOACTIVE MOLECULES,20130314,20140206,http://appft1.uspto.gov/netacgi/nph-Parser?Sect1=PTO1&Sect2=HITOFF&d=PG01&p=1&u=/netahtml/PTO/srchnum.html&r=1&f=G&l=50&s1=20140039052.PGNR.&OS=DN/20140039052&RS=DN/20140039052
US2014044653,TOPICAL COMPOSITION COMPRISING TRANSFORMED BACTERIA EXPRESSING A COMPOUND OF INTEREST,20130807,20140213,http://appft1.uspto.gov/netacgi/nph-Parser?Sect1=PTO1&Sect2=HITOFF&d=PG01&p=1&u=/netahtml/PTO/srchnum.html&r=1&f=G&l=50&s1=20140044653.PGNR.&OS=DN/20140044653&RS=DN/20140044653
US2014044677,TOPICAL COMPOSITION COMPRISING TRANSFORMED BACTERIA EXPRESSING A COMPOUND OF INTEREST,20130807,20140213,http://appft1.uspto.gov/netacgi/nph-Parser?Sect1=PTO1&Sect2=HITOFF&d=PG01&p=1&u=/netahtml/PTO/srchnum.html&r=1&f=G&l=50&s1=20140044677.PGNR.&OS=DN/20140044677&RS=DN/20140044677
US2013309338,BIOLOGICALLY ACTIVE SUBSTANCE-CONTAINING WATER-SOLUBILIZING PREPARATION AND METHOD FOR PRODUCING THE SAME,20120131,20131121,http://appft1.uspto.gov/netacgi/nph-Parser?Sect1=PTO1&Sect2=HITOFF&d=PG01&p=1&u=/netahtml/PTO/srchnum.html&r=1&f=G&l=50&s1=20130309338.PGNR.&OS=DN/20130309338&RS=DN/20130309338
US2013309719,HETEROTROPHIC MICROBIAL PRODUCTION OF XANTHOPHYLL PIGMENTS,20111006,20131121,http://appft1.uspto.gov/netacgi/nph-Parser?Sect1=PTO1&Sect2=HITOFF&d=PG01&p=1&u=/netahtml/PTO/srchnum.html&r=1&f=G&l=50&s1=20130309719.PGNR.&OS=DN/20130309719&RS=DN/20130309719
US2013310772,SURFACE MODIFICATION METHOD AND SURFACE-MODIFIED ELASTIC BODY,20130225,20131121,http://appft1.uspto.gov/netacgi/nph-Parser?Sect1=PTO1&Sect2=HITOFF&d=PG01&p=1&u=/netahtml/PTO/srchnum.html&r=1&f=G&l=50&s1=20130310772.PGNR.&OS=DN/20130310772&RS=DN/20130310772
US2013337024,CAROTENOID-CONTAINING COMPOSITION AND METHOD FOR PRODUCING THE SAME,20130820,20131219,http://appft1.uspto.gov/netacgi/nph-Parser?Sect1=PTO1&Sect2=HITOFF&d=PG01&p=1&u=/netahtml/PTO/srchnum.html&r=1&f=G&l=50&s1=20130337024.PGNR.&OS=DN/20130337024&RS=DN/20130337024
US2013337068,CAROTENOID PARTICLES AND USES THEREOF,20120125,20131219,http://appft1.uspto.gov/netacgi/nph-Parser?Sect1=PTO1&Sect2=HITOFF&d=PG01&p=1&u=/netahtml/PTO/srchnum.html&r=1&f=G&l=50&s1=20130337068.PGNR.&OS=DN/20130337068&RS=DN/20130337068
US2013337116,NUTRITIONAL COMPOSITION,20120221,20131219,http://appft1.uspto.gov/netacgi/nph-Parser?Sect1=PTO1&Sect2=HITOFF&d=PG01&p=1&u=/netahtml/PTO/srchnum.html&r=1&f=G&l=50&s1=20130337116.PGNR.&OS=DN/20130337116&RS=DN/20130337116
US2013337136,CAROTENOID-CONTAINING COMPOSITION,20130816,20131219,http://appft1.uspto.gov/netacgi/nph-Parser?Sect1=PTO1&Sect2=HITOFF&d=PG01&p=1&u=/netahtml/PTO/srchnum.html&r=1&f=G&l=50&s1=20130337136.PGNR.&OS=DN/20130337136&RS=DN/20130337136
US2013344180,WEIGHT LOSS AND SATIATION COMPOSITION,20120626,20131226,http://appft1.uspto.gov/netacgi/nph-Parser?Sect1=PTO1&Sect2=HITOFF&d=PG01&p=1&u=/netahtml/PTO/srchnum.html&r=1&f=G&l=50&s1=20130344180.PGNR.&OS=DN/20130344180&RS=DN/20130344180
US2013273116,ANTI-FOULING COMPOSITION COMPRISING AN AEROGEL,20130208,20131017,http://appft1.uspto.gov/netacgi/nph-Parser?Sect1=PTO1&Sect2=HITOFF&d=PG01&p=1&u=/netahtml/PTO/srchnum.html&r=1&f=G&l=50&s1=20130273116.PGNR.&OS=DN/20130273116&RS=DN/20130273116
US2013273123,Colloidal Carrier System with Penetration Properties for Encapsulating Lipophilic Active Agents and Oils for Topical Use,20111124,20131017,http://appft1.uspto.gov/netacgi/nph-Parser?Sect1=PTO1&Sect2=HITOFF&d=PG01&p=1&u=/netahtml/PTO/srchnum.html&r=1&f=G&l=50&s1=20130273123.PGNR.&OS=DN/20130273123&RS=DN/20130273123
US2013295623,BICARBONATE TRIGGER FOR INDUCING LIPID ACCUMULATION IN ALGAL SYSTEMS,20110926,20131107,http://appft1.uspto.gov/netacgi/nph-Parser?Sect1=PTO1&Sect2=HITOFF&d=PG01&p=1&u=/netahtml/PTO/srchnum.html&r=1&f=G&l=50&s1=20130295623.PGNR.&OS=DN/20130295623&RS=DN/20130295623
US2013309218,PROCESS FOR PRODUCING AQUEOUS SOLUTION CONTAINING FAT-SOLUBLE SUBSTANCE,20120131,20131121,http://appft1.uspto.gov/netacgi/nph-Parser?Sect1=PTO1&Sect2=HITOFF&d=PG01&p=1&u=/netahtml/PTO/srchnum.html&r=1&f=G&l=50&s1=20130309218.PGNR.&OS=DN/20130309218&RS=DN/20130309218
US2013225868,METHOD FOR MANUFACTURING A FAT-SOLUBLE BIOACTIVE SUBSTANCE,20110722,20130829,http://appft1.uspto.gov/netacgi/nph-Parser?Sect1=PTO1&Sect2=HITOFF&d=PG01&p=1&u=/netahtml/PTO/srchnum.html&r=1&f=G&l=50&s1=20130225868.PGNR.&OS=DN/20130225868&RS=DN/20130225868
US2013252236,TUMOR STEM CELLS,20120928,20130926,http://appft1.uspto.gov/netacgi/nph-Parser?Sect1=PTO1&Sect2=HITOFF&d=PG01&p=1&u=/netahtml/PTO/srchnum.html&r=1&f=G&l=50&s1=20130252236.PGNR.&OS=DN/20130252236&RS=DN/20130252236
US2013253070,COMBINATION OF CAROTENOIDS AND EPI-LUTEIN,20130516,20130926,http://appft1.uspto.gov/netacgi/nph-Parser?Sect1=PTO1&Sect2=HITOFF&d=PG01&p=1&u=/netahtml/PTO/srchnum.html&r=1&f=G&l=50&s1=20130253070.PGNR.&OS=DN/20130253070&RS=DN/20130253070
US2013264934,"LIGHT EMITTING DEVICE, LED LIGHT SOURCE FOR PLANT CULTIVATION, AND PLANT FACTORY",20111115,20131010,http://appft1.uspto.gov/netacgi/nph-Parser?Sect1=PTO1&Sect2=HITOFF&d=PG01&p=1&u=/netahtml/PTO/srchnum.html&r=1&f=G&l=50&s1=20130264934.PGNR.&OS=DN/20130264934&RS=DN/20130264934
US2013189382,Use of fucoxanthin in the preparation of product for improving memory and having neuroprotective effect associated with neurodegenerative disorder,20100930,20130725,http://appft1.uspto.gov/netacgi/nph-Parser?Sect1=PTO1&Sect2=HITOFF&d=PG01&p=1&u=/netahtml/PTO/srchnum.html&r=1&f=G&l=50&s1=20130189382.PGNR.&OS=DN/20130189382&RS=DN/20130189382
US2013189722,ISOLATION OF PELLET-FORMING MICROORGANISMS,20080905,20130725,http://appft1.uspto.gov/netacgi/nph-Parser?Sect1=PTO1&Sect2=HITOFF&d=PG01&p=1&u=/netahtml/PTO/srchnum.html&r=1&f=G&l=50&s1=20130189722.PGNR.&OS=DN/20130189722&RS=DN/20130189722
US2013189765,ALGAL BIO-FLOCCULATION BY INACTIVATION OF PHOTORECEPTORS,20111014,20130725,http://appft1.uspto.gov/netacgi/nph-Parser?Sect1=PTO1&Sect2=HITOFF&d=PG01&p=1&u=/netahtml/PTO/srchnum.html&r=1&f=G&l=50&s1=20130189765.PGNR.&OS=DN/20130189765&RS=DN/20130189765
US2013196937,AGE PRODUCTION INHIBITOR,20110210,20130801,http://appft1.uspto.gov/netacgi/nph-Parser?Sect1=PTO1&Sect2=HITOFF&d=PG01&p=1&u=/netahtml/PTO/srchnum.html&r=1&f=G&l=50&s1=20130196937.PGNR.&OS=DN/20130196937&RS=DN/20130196937
US2013203883,SURFACE MODIFICATION METHOD AND SURFACE-MODIFIED ELASTIC BODY,20130201,20130808,http://appft1.uspto.gov/netacgi/nph-Parser?Sect1=PTO1&Sect2=HITOFF&d=PG01&p=1&u=/netahtml/PTO/srchnum.html&r=1&f=G&l=50&s1=20130203883.PGNR.&OS=DN/20130203883&RS=DN/20130203883
US2013209391,FUNCTIONALIZED POLYMER COMPOSITIONS,20130208,20130815,http://appft1.uspto.gov/netacgi/nph-Parser?Sect1=PTO1&Sect2=HITOFF&d=PG01&p=1&u=/netahtml/PTO/srchnum.html&r=1&f=G&l=50&s1=20130209391.PGNR.&OS=DN/20130209391&RS=DN/20130209391
US2013209392,HETEROATOM CONTAINING CYCLIC DIMERS,20130208,20130815,http://appft1.uspto.gov/netacgi/nph-Parser?Sect1=PTO1&Sect2=HITOFF&d=PG01&p=1&u=/netahtml/PTO/srchnum.html&r=1&f=G&l=50&s1=20130209392.PGNR.&OS=DN/20130209392&RS=DN/20130209392
US2013224240,METHOD OF REDUCING WEIGHT USING COMPOSITION CONTAINING FUCOXANTHIN EXTRACT,20130318,20130829,http://appft1.uspto.gov/netacgi/nph-Parser?Sect1=PTO1&Sect2=HITOFF&d=PG01&p=1&u=/netahtml/PTO/srchnum.html&r=1&f=G&l=50&s1=20130224240.PGNR.&OS=DN/20130224240&RS=DN/20130224240
US2013137138,METHOD OF PRODUCING ISOPRENOID COMPOUNDS IN YEAST,20110520,20130530,http://appft1.uspto.gov/netacgi/nph-Parser?Sect1=PTO1&Sect2=HITOFF&d=PG01&p=1&u=/netahtml/PTO/srchnum.html&r=1&f=G&l=50&s1=20130137138.PGNR.&OS=DN/20130137138&RS=DN/20130137138
US2013156816,METHODS AND COMPOSITIONS FOR USE IN AQUACULTURE,20110218,20130620,http://appft1.uspto.gov/netacgi/nph-Parser?Sect1=PTO1&Sect2=HITOFF&d=PG01&p=1&u=/netahtml/PTO/srchnum.html&r=1&f=G&l=50&s1=20130156816.PGNR.&OS=DN/20130156816&RS=DN/20130156816
US2013172426,FAT-REDUCING AGENT,20130227,20130704,http://appft1.uspto.gov/netacgi/nph-Parser?Sect1=PTO1&Sect2=HITOFF&d=PG01&p=1&u=/netahtml/PTO/srchnum.html&r=1&f=G&l=50&s1=20130172426.PGNR.&OS=DN/20130172426&RS=DN/20130172426
US2013102463,Herbicidal Compositions,20110621,20130425,http://appft1.uspto.gov/netacgi/nph-Parser?Sect1=PTO1&Sect2=HITOFF&d=PG01&p=1&u=/netahtml/PTO/srchnum.html&r=1&f=G&l=50&s1=20130102463.PGNR.&OS=DN/20130102463&RS=DN/20130102463
US2013108706,DIETARY FORMULATIONS,20110606,20130502,http://appft1.uspto.gov/netacgi/nph-Parser?Sect1=PTO1&Sect2=HITOFF&d=PG01&p=1&u=/netahtml/PTO/srchnum.html&r=1&f=G&l=50&s1=20130108706.PGNR.&OS=DN/20130108706&RS=DN/20130108706
US2013115345,METHOD FOR PREVENTING CAROTENOID PIGMENT FROM ADHERING TO CONTAINER,20110608,20130509,http://appft1.uspto.gov/netacgi/nph-Parser?Sect1=PTO1&Sect2=HITOFF&d=PG01&p=1&u=/netahtml/PTO/srchnum.html&r=1&f=G&l=50&s1=20130115345.PGNR.&OS=DN/20130115345&RS=DN/20130115345
US2013131183,METHODS AND COMPOSITIONS FOR IMPROVING THE HEALTH OF ANIMALS,20100430,20130523,http://appft1.uspto.gov/netacgi/nph-Parser?Sect1=PTO1&Sect2=HITOFF&d=PG01&p=1&u=/netahtml/PTO/srchnum.html&r=1&f=G&l=50&s1=20130131183.PGNR.&OS=DN/20130131183&RS=DN/20130131183
US2013045504,PRODUCTION OF CAROTENOIDS IN OLEAGINOUS YEAST AND FUNGI,20120815,20130221,http://appft1.uspto.gov/netacgi/nph-Parser?Sect1=PTO1&Sect2=HITOFF&d=PG01&p=1&u=/netahtml/PTO/srchnum.html&r=1&f=G&l=50&s1=20130045504.PGNR.&OS=DN/20130045504&RS=DN/20130045504
US2013052719,"PHOTOBIOREACTOR FOR MASS CULTURE OF MICROALGAE, AND METHOD FOR CULTURING MICROALGAE BY USING SAME",20110222,20130228,http://appft1.uspto.gov/netacgi/nph-Parser?Sect1=PTO1&Sect2=HITOFF&d=PG01&p=1&u=/netahtml/PTO/srchnum.html&r=1&f=G&l=50&s1=20130052719.PGNR.&OS=DN/20130052719&RS=DN/20130052719
US2013071451,CAROTENOID-CONTAINING COMPOSITION AND PRODUCTION METHOD THEREOF,20121115,20130321,http://appft1.uspto.gov/netacgi/nph-Parser?Sect1=PTO1&Sect2=HITOFF&d=PG01&p=1&u=/netahtml/PTO/srchnum.html&r=1&f=G&l=50&s1=20130071451.PGNR.&OS=DN/20130071451&RS=DN/20130071451
US2013072574,"DIETARY SUPPLEMENTS CONTAINING EXTRACTS OF CINNAMON AND METHODS OF USING SAME TO PROMOTE ENHANCED SIRTUIN, CELL AND TELOMERE INTEGRITY",20110526,20130321,http://appft1.uspto.gov/netacgi/nph-Parser?Sect1=PTO1&Sect2=HITOFF&d=PG01&p=1&u=/netahtml/PTO/srchnum.html&r=1&f=G&l=50&s1=20130072574.PGNR.&OS=DN/20130072574&RS=DN/20130072574
US2012315345,FUNCTIONAL FOOD AND PHARMACEUTICAL COMPOSITIONS FOR ANTI-OBESITY COMPRISING CAPSANTHIN AND FATTY-ACYL ESTER OF CAPSANTHIN HAVING ANTI-ADIPOGENIC ACTIVITY,20120529,20121213,http://appft1.uspto.gov/netacgi/nph-Parser?Sect1=PTO1&Sect2=HITOFF&d=PG01&p=1&u=/netahtml/PTO/srchnum.html&r=1&f=G&l=50&s1=20120315345.PGNR.&OS=DN/20120315345&RS=DN/20120315345
US2013011455,Novel Carrier System for the Transport of Active Substances into the Skin,20110302,20130110,http://appft1.uspto.gov/netacgi/nph-Parser?Sect1=PTO1&Sect2=HITOFF&d=PG01&p=1&u=/netahtml/PTO/srchnum.html&r=1&f=G&l=50&s1=20130011455.PGNR.&OS=DN/20130011455&RS=DN/20130011455
US2012282358,ORAL ADMINISTRATION COMPOSITION,20120717,20121108,http://appft1.uspto.gov/netacgi/nph-Parser?Sect1=PTO1&Sect2=HITOFF&d=PG01&p=1&u=/netahtml/PTO/srchnum.html&r=1&f=G&l=50&s1=20120282358.PGNR.&OS=DN/20120282358&RS=DN/20120282358
US2012149886,PRODUCTION OF CAROTENOIDS IN OLEAGINOUS YEAST AND FUNGI,20090410,20120614,http://appft1.uspto.gov/netacgi/nph-Parser?Sect1=PTO1&Sect2=HITOFF&d=PG01&p=1&u=/netahtml/PTO/srchnum.html&r=1&f=G&l=50&s1=20120149886.PGNR.&OS=DN/20120149886&RS=DN/20120149886
US2012156261,DISINTEGRATING PARTICLE COMPOSITION AND ORALLY RAPIDLY DISINTEGRATING TABLET,20100811,20120621,http://appft1.uspto.gov/netacgi/nph-Parser?Sect1=PTO1&Sect2=HITOFF&d=PG01&p=1&u=/netahtml/PTO/srchnum.html&r=1&f=G&l=50&s1=20120156261.PGNR.&OS=DN/20120156261&RS=DN/20120156261
US2012177806,NATURAL AND SUSTAINABLE SEAWEED FORMULA THAT REPLACES SYNTHETIC ADDITIVES IN FISH FEED,20100716,20120712,http://appft1.uspto.gov/netacgi/nph-Parser?Sect1=PTO1&Sect2=HITOFF&d=PG01&p=1&u=/netahtml/PTO/srchnum.html&r=1&f=G&l=50&s1=20120177806.PGNR.&OS=DN/20120177806&RS=DN/20120177806
US2012184612,Compositions and Methods Relating to Carotenoids,20120111,20120719,http://appft1.uspto.gov/netacgi/nph-Parser?Sect1=PTO1&Sect2=HITOFF&d=PG01&p=1&u=/netahtml/PTO/srchnum.html&r=1&f=G&l=50&s1=20120184612.PGNR.&OS=DN/20120184612&RS=DN/20120184612
US2012189706,Macrocystis Pyrifera Derived Health and Wellness Products and Methods of Using the Same,20120405,20120726,http://appft1.uspto.gov/netacgi/nph-Parser?Sect1=PTO1&Sect2=HITOFF&d=PG01&p=1&u=/netahtml/PTO/srchnum.html&r=1&f=G&l=50&s1=20120189706.PGNR.&OS=DN/20120189706&RS=DN/20120189706
US2012128777,COMPOSITIONS CONTAINING LIPID MICRO- OR NANOPARTICLES FOR THE ENHANCEMENT OF THE DERMAL ACTION OF SOLID PARTICLES,20091026,20120524,http://appft1.uspto.gov/netacgi/nph-Parser?Sect1=PTO1&Sect2=HITOFF&d=PG01&p=1&u=/netahtml/PTO/srchnum.html&r=1&f=G&l=50&s1=20120128777.PGNR.&OS=DN/20120128777&RS=DN/20120128777
US2012141387,COMPOSITION INCLUDING AN UNSAPONIFIABLE FRACTION,20100812,20120607,http://appft1.uspto.gov/netacgi/nph-Parser?Sect1=PTO1&Sect2=HITOFF&d=PG01&p=1&u=/netahtml/PTO/srchnum.html&r=1&f=G&l=50&s1=20120141387.PGNR.&OS=DN/20120141387&RS=DN/20120141387
US2012052137,WEIGHT LOSS FORMULATION,20110830,20120301,http://appft1.uspto.gov/netacgi/nph-Parser?Sect1=PTO1&Sect2=HITOFF&d=PG01&p=1&u=/netahtml/PTO/srchnum.html&r=1&f=G&l=50&s1=20120052137.PGNR.&OS=DN/20120052137&RS=DN/20120052137
US2012058248,SYSTEMS AND METHODS FOR REDUCING ALGAL BIOMASS,20091216,20120308,http://appft1.uspto.gov/netacgi/nph-Parser?Sect1=PTO1&Sect2=HITOFF&d=PG01&p=1&u=/netahtml/PTO/srchnum.html&r=1&f=G&l=50&s1=20120058248.PGNR.&OS=DN/20120058248&RS=DN/20120058248
US2012058542,SYSTEMS AND METHODS FOR REGULATING ALGAL BIOMASS,20100310,20120308,http://appft1.uspto.gov/netacgi/nph-Parser?Sect1=PTO1&Sect2=HITOFF&d=PG01&p=1&u=/netahtml/PTO/srchnum.html&r=1&f=G&l=50&s1=20120058542.PGNR.&OS=DN/20120058542&RS=DN/20120058542
US2011275592,EMULSION COMPOSITION AND FOOD AND COSMETIC PRODUCTS CONTAINING THE EMULSION COMPOSITION,20100105,20111110,http://appft1.uspto.gov/netacgi/nph-Parser?Sect1=PTO1&Sect2=HITOFF&d=PG01&p=1&u=/netahtml/PTO/srchnum.html&r=1&f=G&l=50&s1=20110275592.PGNR.&OS=DN/20110275592&RS=DN/20110275592
US2011293525,TUMOR STEM CELLS,20110531,20111201,http://appft1.uspto.gov/netacgi/nph-Parser?Sect1=PTO1&Sect2=HITOFF&d=PG01&p=1&u=/netahtml/PTO/srchnum.html&r=1&f=G&l=50&s1=20110293525.PGNR.&OS=DN/20110293525&RS=DN/20110293525
US2011217244,COMPOSITIONS AND METHODS FOR ENHANCING IMMUNE RESPONSE,20081023,20110908,http://appft1.uspto.gov/netacgi/nph-Parser?Sect1=PTO1&Sect2=HITOFF&d=PG01&p=1&u=/netahtml/PTO/srchnum.html&r=1&f=G&l=50&s1=20110217244.PGNR.&OS=DN/20110217244&RS=DN/20110217244
US2011244512,PENTOSE PHOSPHATE PATHWAY UPREGULATION TO INCREASE PRODUCTION OF NON-NATIVE PRODUCTS OF INTEREST IN TRANSGENIC MICROORGANISMS,20110329,20111006,http://appft1.uspto.gov/netacgi/nph-Parser?Sect1=PTO1&Sect2=HITOFF&d=PG01&p=1&u=/netahtml/PTO/srchnum.html&r=1&f=G&l=50&s1=20110244512.PGNR.&OS=DN/20110244512&RS=DN/20110244512
US2011113508,MODULATING PLANT CAROTENOID LEVELS,20070820,20110512,http://appft1.uspto.gov/netacgi/nph-Parser?Sect1=PTO1&Sect2=HITOFF&d=PG01&p=1&u=/netahtml/PTO/srchnum.html&r=1&f=G&l=50&s1=20110113508.PGNR.&OS=DN/20110113508&RS=DN/20110113508
US2011123680,"MICROCAPSULE, PROCESS FOR PRODUCTION THEREOF, AND FOOD OR BEVERAGE CONTAINING MICROCAPSULE",20090722,20110526,http://appft1.uspto.gov/netacgi/nph-Parser?Sect1=PTO1&Sect2=HITOFF&d=PG01&p=1&u=/netahtml/PTO/srchnum.html&r=1&f=G&l=50&s1=20110123680.PGNR.&OS=DN/20110123680&RS=DN/20110123680
US2011159152,"MICROCAPSULES, METHOD OF PRODUCING THE MICROCAPSULES AND FOOD AND DRINK CONTAINING THE MICROCAPSULES",20090526,20110630,http://appft1.uspto.gov/netacgi/nph-Parser?Sect1=PTO1&Sect2=HITOFF&d=PG01&p=1&u=/netahtml/PTO/srchnum.html&r=1&f=G&l=50&s1=20110159152.PGNR.&OS=DN/20110159152&RS=DN/20110159152
US2011052754,Weight Loss Composition and Method,20100902,20110303,http://appft1.uspto.gov/netacgi/nph-Parser?Sect1=PTO1&Sect2=HITOFF&d=PG01&p=1&u=/netahtml/PTO/srchnum.html&r=1&f=G&l=50&s1=20110052754.PGNR.&OS=DN/20110052754&RS=DN/20110052754
US2011059164,ENCAPSULATION OF OXIDATIVELY UNSTABLE COMPOUNDS,20090102,20110310,http://appft1.uspto.gov/netacgi/nph-Parser?Sect1=PTO1&Sect2=HITOFF&d=PG01&p=1&u=/netahtml/PTO/srchnum.html&r=1&f=G&l=50&s1=20110059164.PGNR.&OS=DN/20110059164&RS=DN/20110059164
US2011070258,METHOD OF SLOWING THE AGING PROCESS BY ACTIVATING SIRTUIN ENZYMES,20100917,20110324,http://appft1.uspto.gov/netacgi/nph-Parser?Sect1=PTO1&Sect2=HITOFF&d=PG01&p=1&u=/netahtml/PTO/srchnum.html&r=1&f=G&l=50&s1=20110070258.PGNR.&OS=DN/20110070258&RS=DN/20110070258
US2011020519,ENCAPSULATION OF OXIDATIVELY UNSTABLE COMPOUNDS,20100701,20110127,http://appft1.uspto.gov/netacgi/nph-Parser?Sect1=PTO1&Sect2=HITOFF&d=PG01&p=1&u=/netahtml/PTO/srchnum.html&r=1&f=G&l=50&s1=20110020519.PGNR.&OS=DN/20110020519&RS=DN/20110020519
US8927285,"Micro-alga belonging to genus Navicula, process for production of oil by culture of the micro-alga, and oil collected from the micro-alga",20100310,20150106,http://patft.uspto.gov/netacgi/nph-Parser?d=PALL&p=1&u=%2Fnetahtml%2FPTO%2Fsrchnum.htm&r=1&f=G&l=50&s1=8927285.PN.&OS=PN/8927285&RS=PN/8927285
US8974839,Dietary supplement system for multifunctional anti-aging management and method of use,20140425,20150310,http://patft.uspto.gov/netacgi/nph-Parser?d=PALL&p=1&u=%2Fnetahtml%2FPTO%2Fsrchnum.htm&r=1&f=G&l=50&s1=8974839.PN.&OS=PN/8974839&RS=PN/8974839
US8900602,Disintegrating particle composition and orally rapidly disintegrating tablet,20100811,20141202,http://patft.uspto.gov/netacgi/nph-Parser?d=PALL&p=1&u=%2Fnetahtml%2FPTO%2Fsrchnum.htm&r=1&f=G&l=50&s1=8900602.PN.&OS=PN/8900602&RS=PN/8900602
US8902423,Classification using multivariate optical computing,20121121,20141202,http://patft.uspto.gov/netacgi/nph-Parser?d=PALL&p=1&u=%2Fnetahtml%2FPTO%2Fsrchnum.htm&r=1&f=G&l=50&s1=8902423.PN.&OS=PN/8902423&RS=PN/8902423
US8816040,Polymer dye,20120502,20140826,http://patft.uspto.gov/netacgi/nph-Parser?d=PALL&p=1&u=%2Fnetahtml%2FPTO%2Fsrchnum.htm&r=1&f=G&l=50&s1=8816040.PN.&OS=PN/8816040&RS=PN/8816040
US8741337,Encapsulation of oxidatively unstable compounds,20090102,20140603,http://patft.uspto.gov/netacgi/nph-Parser?d=PALL&p=1&u=%2Fnetahtml%2FPTO%2Fsrchnum.htm&r=1&f=G&l=50&s1=8741337.PN.&OS=PN/8741337&RS=PN/8741337
US8747915,Dietary supplement system for multifunctional anti-aging management and method of use,20120913,20140610,http://patft.uspto.gov/netacgi/nph-Parser?d=PALL&p=1&u=%2Fnetahtml%2FPTO%2Fsrchnum.htm&r=1&f=G&l=50&s1=8747915.PN.&OS=PN/8747915&RS=PN/8747915
US8765198,"Anti-stretch mark active agent, and compositions containing same",20091109,20140701,http://patft.uspto.gov/netacgi/nph-Parser?d=PALL&p=1&u=%2Fnetahtml%2FPTO%2Fsrchnum.htm&r=1&f=G&l=50&s1=8765198.PN.&OS=PN/8765198&RS=PN/8765198
US8697418,Use of mixed species for rapid growth of aquatic biomass,20100804,20140415,http://patft.uspto.gov/netacgi/nph-Parser?d=PALL&p=1&u=%2Fnetahtml%2FPTO%2Fsrchnum.htm&r=1&f=G&l=50&s1=8697418.PN.&OS=PN/8697418&RS=PN/8697418
US8709766,Use of endogenous promoters in genetic engineering of Nannochloropsis gaditana ,20121017,20140429,http://patft.uspto.gov/netacgi/nph-Parser?d=PALL&p=1&u=%2Fnetahtml%2FPTO%2Fsrchnum.htm&r=1&f=G&l=50&s1=8709766.PN.&OS=PN/8709766&RS=PN/8709766
US8735137,Use of Saccharomyces cerevisiae SUC2 gene in Yarrowia lipolytica for sucrose utilization,20111115,20140527,http://patft.uspto.gov/netacgi/nph-Parser?d=PALL&p=1&u=%2Fnetahtml%2FPTO%2Fsrchnum.htm&r=1&f=G&l=50&s1=8735137.PN.&OS=PN/8735137&RS=PN/8735137
US8691555,Production of carotenoids in oleaginous yeast and fungi,20070928,20140408,http://patft.uspto.gov/netacgi/nph-Parser?d=PALL&p=1&u=%2Fnetahtml%2FPTO%2Fsrchnum.htm&r=1&f=G&l=50&s1=8691555.PN.&OS=PN/8691555&RS=PN/8691555
US8617886,Compositions and methods for modulating metabolic pathways,20120713,20131231,http://patft.uspto.gov/netacgi/nph-Parser?d=PALL&p=1&u=%2Fnetahtml%2FPTO%2Fsrchnum.htm&r=1&f=G&l=50&s1=8617886.PN.&OS=PN/8617886&RS=PN/8617886
US8623924,Compositions and methods for modulating metabolic pathways,20120713,20140107,http://patft.uspto.gov/netacgi/nph-Parser?d=PALL&p=1&u=%2Fnetahtml%2FPTO%2Fsrchnum.htm&r=1&f=G&l=50&s1=8623924.PN.&OS=PN/8623924&RS=PN/8623924
US8628969,Method for quantification of carotenoid,20101015,20140114,http://patft.uspto.gov/netacgi/nph-Parser?d=PALL&p=1&u=%2Fnetahtml%2FPTO%2Fsrchnum.htm&r=1&f=G&l=50&s1=8628969.PN.&OS=PN/8628969&RS=PN/8628969
US8574639,Fermented ginseng concentrate having IH-901,20100817,20131105,http://patft.uspto.gov/netacgi/nph-Parser?d=PALL&p=1&u=%2Fnetahtml%2FPTO%2Fsrchnum.htm&r=1&f=G&l=50&s1=8574639.PN.&OS=PN/8574639&RS=PN/8574639
US8586107,"Schisandra sphenanthera fruit extract and cosmetic, dermatological, and nutraceutical compositions comprising same",20100727,20131119,http://patft.uspto.gov/netacgi/nph-Parser?d=PALL&p=1&u=%2Fnetahtml%2FPTO%2Fsrchnum.htm&r=1&f=G&l=50&s1=8586107.PN.&OS=PN/8586107&RS=PN/8586107
US8445035,Dietary supplements containing extracts of aronia and method of using same to promote weight loss,20111128,20130521,http://patft.uspto.gov/netacgi/nph-Parser?d=PALL&p=1&u=%2Fnetahtml%2FPTO%2Fsrchnum.htm&r=1&f=G&l=50&s1=8445035.PN.&OS=PN/8445035&RS=PN/8445035
US8454970,Compositions containing fucoxanthin extract,20090119,20130604,http://patft.uspto.gov/netacgi/nph-Parser?d=PALL&p=1&u=%2Fnetahtml%2FPTO%2Fsrchnum.htm&r=1&f=G&l=50&s1=8454970.PN.&OS=PN/8454970&RS=PN/8454970
US8412469,Environmental monitoring of microbe metabolic transformation,20100202,20130402,http://patft.uspto.gov/netacgi/nph-Parser?d=PALL&p=1&u=%2Fnetahtml%2FPTO%2Fsrchnum.htm&r=1&f=G&l=50&s1=8412469.PN.&OS=PN/8412469&RS=PN/8412469
US8288149,Production of carotenoids in oleaginous yeast and fungi,20101013,20121016,http://patft.uspto.gov/netacgi/nph-Parser?d=PALL&p=1&u=%2Fnetahtml%2FPTO%2Fsrchnum.htm&r=1&f=G&l=50&s1=8288149.PN.&OS=PN/8288149&RS=PN/8288149
US8197865,Methods and compositions for modulating hair growth or regrowth,20101011,20120612,http://patft.uspto.gov/netacgi/nph-Parser?d=PALL&p=1&u=%2Fnetahtml%2FPTO%2Fsrchnum.htm&r=1&f=G&l=50&s1=8197865.PN.&OS=PN/8197865&RS=PN/8197865
US8007838,Process for producing a stable concentrated dietary supplement and supplement produced thereby,20110117,20110830,http://patft.uspto.gov/netacgi/nph-Parser?d=PALL&p=1&u=%2Fnetahtml%2FPTO%2Fsrchnum.htm&r=1&f=G&l=50&s1=8007838.PN.&OS=PN/8007838&RS=PN/8007838
US2015044327,METHYLOTROPHS FOR AQUACULTURE AND ANIMAL FEED,20140808,20150212,http://appft1.uspto.gov/netacgi/nph-Parser?Sect1=PTO1&Sect2=HITOFF&d=PG01&p=1&u=/netahtml/PTO/srchnum.html&r=1&f=G&l=50&s1=20150044327.PGNR.&OS=DN/20150044327&RS=DN/20150044327
US2015044737,PRODUCTION OF DOCOSAHEXAENOIC ACID AND/OR EICOSAPENTAENOIC ACID AND/OR CAROTENOIDS IN MIXOTROPHIC MODE BY NITZSCHIA,20130315,20150212,http://appft1.uspto.gov/netacgi/nph-Parser?Sect1=PTO1&Sect2=HITOFF&d=PG01&p=1&u=/netahtml/PTO/srchnum.html&r=1&f=G&l=50&s1=20150044737.PGNR.&OS=DN/20150044737&RS=DN/20150044737
US2015065568,METHOD FOR PRODUCING COMPOSITION CONTAINING FUCOXANTHIN,20130227,20150305,http://appft1.uspto.gov/netacgi/nph-Parser?Sect1=PTO1&Sect2=HITOFF&d=PG01&p=1&u=/netahtml/PTO/srchnum.html&r=1&f=G&l=50&s1=20150065568.PGNR.&OS=DN/20150065568&RS=DN/20150065568
US2015030662,Generation of Brown Adipose Tissue (BAT) from Mesenchymal Cells,20130312,20150129,http://appft1.uspto.gov/netacgi/nph-Parser?Sect1=PTO1&Sect2=HITOFF&d=PG01&p=1&u=/netahtml/PTO/srchnum.html&r=1&f=G&l=50&s1=20150030662.PGNR.&OS=DN/20150030662&RS=DN/20150030662
US2015087688,PRODRUGS OF HYDROXYL-COMPRISING DRUGS,20130424,20150326,http://appft1.uspto.gov/netacgi/nph-Parser?Sect1=PTO1&Sect2=HITOFF&d=PG01&p=1&u=/netahtml/PTO/srchnum.html&r=1&f=G&l=50&s1=20150087688.PGNR.&OS=DN/20150087688&RS=DN/20150087688
US2015111263,METHODS AND PRODUCTS FOR GENERATING OILS,20121109,20150423,http://appft1.uspto.gov/netacgi/nph-Parser?Sect1=PTO1&Sect2=HITOFF&d=PG01&p=1&u=/netahtml/PTO/srchnum.html&r=1&f=G&l=50&s1=20150111263.PGNR.&OS=DN/20150111263&RS=DN/20150111263
US2015118329,"METHOD FOR PROMOTING ADIPONECTIN PRODUCTION, PREVENTION AND TREATMENT OF HYPOADIPONECTINEMIA",20141229,20150430,http://appft1.uspto.gov/netacgi/nph-Parser?Sect1=PTO1&Sect2=HITOFF&d=PG01&p=1&u=/netahtml/PTO/srchnum.html&r=1&f=G&l=50&s1=20150118329.PGNR.&OS=DN/20150118329&RS=DN/20150118329
US2015133552,POLYHYDROXYLATED PENTACYCLIC TRITERPENE ACIDS AS HMG-COA REDUCTASE INHIBITORS,20130507,20150514,http://appft1.uspto.gov/netacgi/nph-Parser?Sect1=PTO1&Sect2=HITOFF&d=PG01&p=1&u=/netahtml/PTO/srchnum.html&r=1&f=G&l=50&s1=20150133552.PGNR.&OS=DN/20150133552&RS=DN/20150133552
US2015133712,PROCESS FOR THE ISOLATION OF CAROTENOIDS,20140220,20150514,http://appft1.uspto.gov/netacgi/nph-Parser?Sect1=PTO1&Sect2=HITOFF&d=PG01&p=1&u=/netahtml/PTO/srchnum.html&r=1&f=G&l=50&s1=20150133712.PGNR.&OS=DN/20150133712&RS=DN/20150133712
US2015140619,"USE OF MARINE ALGAE FOR CO-PRODUCING ALKENONES, ALKENONE DERIVATIVES, AND CO-PRODUCTS",20150117,20150521,http://appft1.uspto.gov/netacgi/nph-Parser?Sect1=PTO1&Sect2=HITOFF&d=PG01&p=1&u=/netahtml/PTO/srchnum.html&r=1&f=G&l=50&s1=20150140619.PGNR.&OS=DN/20150140619&RS=DN/20150140619
US2015140031,WEIGHT MANAGEMENT SYSTEMS AND RELATED METHODS,20140903,20150521,http://appft1.uspto.gov/netacgi/nph-Parser?Sect1=PTO1&Sect2=HITOFF&d=PG01&p=1&u=/netahtml/PTO/srchnum.html&r=1&f=G&l=50&s1=20150140031.PGNR.&OS=DN/20150140031&RS=DN/20150140031
US2015150770,METHODS OF TREATING SKIN,20150130,20150604,http://appft1.uspto.gov/netacgi/nph-Parser?Sect1=PTO1&Sect2=HITOFF&d=PG01&p=1&u=/netahtml/PTO/srchnum.html&r=1&f=G&l=50&s1=20150150770.PGNR.&OS=DN/20150150770&RS=DN/20150150770
US2015157577,MATRIX AND LAYER COMPOSITIONS FOR PROTECTION OF BIOACTIVES,20130711,20150611,http://appft1.uspto.gov/netacgi/nph-Parser?Sect1=PTO1&Sect2=HITOFF&d=PG01&p=1&u=/netahtml/PTO/srchnum.html&r=1&f=G&l=50&s1=20150157577.PGNR.&OS=DN/20150157577&RS=DN/20150157577
US2015157672,KITS AND METHODS FOR SUSTAINED WEIGHT LOSS,20141208,20150611,http://appft1.uspto.gov/netacgi/nph-Parser?Sect1=PTO1&Sect2=HITOFF&d=PG01&p=1&u=/netahtml/PTO/srchnum.html&r=1&f=G&l=50&s1=20150157672.PGNR.&OS=DN/20150157672&RS=DN/20150157672
US2015157721,POLYMER-CARBOHYDRATE CONJUGATES FOR DRUG DELIVERY TECHNOLOGY,20141205,20150611,http://appft1.uspto.gov/netacgi/nph-Parser?Sect1=PTO1&Sect2=HITOFF&d=PG01&p=1&u=/netahtml/PTO/srchnum.html&r=1&f=G&l=50&s1=20150157721.PGNR.&OS=DN/20150157721&RS=DN/20150157721
US2015164782,"TOPICAL COMPOSITION FOR TREATMENTOF SKIN, HAIR, AND/OR NAILS AND METHOD OF USING THE SAME",20150223,20150618,http://appft1.uspto.gov/netacgi/nph-Parser?Sect1=PTO1&Sect2=HITOFF&d=PG01&p=1&u=/netahtml/PTO/srchnum.html&r=1&f=G&l=50&s1=20150164782.PGNR.&OS=DN/20150164782&RS=DN/20150164782
US2015164843,STABILIZED FORMULATIONS OF FATTY ACIDS,20141201,20150618,http://appft1.uspto.gov/netacgi/nph-Parser?Sect1=PTO1&Sect2=HITOFF&d=PG01&p=1&u=/netahtml/PTO/srchnum.html&r=1&f=G&l=50&s1=20150164843.PGNR.&OS=DN/20150164843&RS=DN/20150164843
US2015174188,"METHODS FOR INHIBITING ADVANCED GLYCATION END PRODUCT PRODUCTION, INHIBITING FIBROBLAST APOPTOSIS, AND/OR PROMOTING HUMAN FIBROBLAST-COLLAGEN GRATING FORMULATION USING CHERRY BLOSSOM AND CHERRY LEAF EXTRACT",20140326,20150625,http://appft1.uspto.gov/netacgi/nph-Parser?Sect1=PTO1&Sect2=HITOFF&d=PG01&p=1&u=/netahtml/PTO/srchnum.html&r=1&f=G&l=50&s1=20150174188.PGNR.&OS=DN/20150174188&RS=DN/20150174188
US2015191444,HETEROATOM CONTAINING CYCLIC DIMERS,20150305,20150709,http://appft1.uspto.gov/netacgi/nph-Parser?Sect1=PTO1&Sect2=HITOFF&d=PG01&p=1&u=/netahtml/PTO/srchnum.html&r=1&f=G&l=50&s1=20150191444.PGNR.&OS=DN/20150191444&RS=DN/20150191444
US2015203612,SURFACE MODIFICATION METHOD AND SURFACE-MODIFIED ELASTIC BODY,20130909,20150723,http://appft1.uspto.gov/netacgi/nph-Parser?Sect1=PTO1&Sect2=HITOFF&d=PG01&p=1&u=/netahtml/PTO/srchnum.html&r=1&f=G&l=50&s1=20150203612.PGNR.&OS=DN/20150203612&RS=DN/20150203612
US2015216779,COMPOSITIONS FOR TARGETED ANTI-AGING THERAPY,20130814,20150806,http://appft1.uspto.gov/netacgi/nph-Parser?Sect1=PTO1&Sect2=HITOFF&d=PG01&p=1&u=/netahtml/PTO/srchnum.html&r=1&f=G&l=50&s1=20150216779.PGNR.&OS=DN/20150216779&RS=DN/20150216779
US2015225539,"BIO-BASED POLYMER ADDITIVE, A PROCESS FOR PREPARING THE BIO-BASED POLYMER ADDITIVE AND A BIODEGRADABLE POLYMER COMPOSITION COMPRISING SAID BIO-BASED POLYMER ADDITIVE",20130830,20150813,http://appft1.uspto.gov/netacgi/nph-Parser?Sect1=PTO1&Sect2=HITOFF&d=PG01&p=1&u=/netahtml/PTO/srchnum.html&r=1&f=G&l=50&s1=20150225539.PGNR.&OS=DN/20150225539&RS=DN/20150225539
US2015250203,ENCLOSING MATERIALS IN NATURAL TRANSPORT SYSTEMS,20130128,20150910,http://appft1.uspto.gov/netacgi/nph-Parser?Sect1=PTO1&Sect2=HITOFF&d=PG01&p=1&u=/netahtml/PTO/srchnum.html&r=1&f=G&l=50&s1=20150250203.PGNR.&OS=DN/20150250203&RS=DN/20150250203
US2015284487,SURFACE MODIFICATION METHOD AND SURFACE-MODIFIED ELASTIC BODY,20131119,20151008,http://appft1.uspto.gov/netacgi/nph-Parser?Sect1=PTO1&Sect2=HITOFF&d=PG01&p=1&u=/netahtml/PTO/srchnum.html&r=1&f=G&l=50&s1=20150284487.PGNR.&OS=DN/20150284487&RS=DN/20150284487
US2015290264,"SEAWEED EXTRACTS, UNSATURATED FATTY ACIDS, AND METHODS OF TREATMENT",20131106,20151015,http://appft1.uspto.gov/netacgi/nph-Parser?Sect1=PTO1&Sect2=HITOFF&d=PG01&p=1&u=/netahtml/PTO/srchnum.html&r=1&f=G&l=50&s1=20150290264.PGNR.&OS=DN/20150290264&RS=DN/20150290264
US2015315162,Process for producing fucoxanthinol extract and methods of use,20140501,20151105,http://appft1.uspto.gov/netacgi/nph-Parser?Sect1=PTO1&Sect2=HITOFF&d=PG01&p=1&u=/netahtml/PTO/srchnum.html&r=1&f=G&l=50&s1=20150315162.PGNR.&OS=DN/20150315162&RS=DN/20150315162
US2015315550,CAROTENE HYDROXYLASES AND THEIR USE FOR PRODUCING CAROTENOIDS,20130827,20151105,http://appft1.uspto.gov/netacgi/nph-Parser?Sect1=PTO1&Sect2=HITOFF&d=PG01&p=1&u=/netahtml/PTO/srchnum.html&r=1&f=G&l=50&s1=20150315550.PGNR.&OS=DN/20150315550&RS=DN/20150315550
US2015322412,ACETYL TRANSFERASES AND THEIR USE FOR PRODUCING CAROTENOIDS,20130828,20151112,http://appft1.uspto.gov/netacgi/nph-Parser?Sect1=PTO1&Sect2=HITOFF&d=PG01&p=1&u=/netahtml/PTO/srchnum.html&r=1&f=G&l=50&s1=20150322412.PGNR.&OS=DN/20150322412&RS=DN/20150322412
US2015327446,LED LIGHT SOURCE FOR PLANT CULTIVATION,20131211,20151119,http://appft1.uspto.gov/netacgi/nph-Parser?Sect1=PTO1&Sect2=HITOFF&d=PG01&p=1&u=/netahtml/PTO/srchnum.html&r=1&f=G&l=50&s1=20150327446.PGNR.&OS=DN/20150327446&RS=DN/20150327446
US2015335574,COMPOSITIONS AND METHODS FOR MAKING AND USING NANOEMULSIONS,20150112,20151126,http://appft1.uspto.gov/netacgi/nph-Parser?Sect1=PTO1&Sect2=HITOFF&d=PG01&p=1&u=/netahtml/PTO/srchnum.html&r=1&f=G&l=50&s1=20150335574.PGNR.&OS=DN/20150335574&RS=DN/20150335574
US2015342854,EXTERNAL DERMAL COMPOSITION FOR ANTI-AGEING AND METHOD FOR PRODUCING THE SAME,20131226,20151203,http://appft1.uspto.gov/netacgi/nph-Parser?Sect1=PTO1&Sect2=HITOFF&d=PG01&p=1&u=/netahtml/PTO/srchnum.html&r=1&f=G&l=50&s1=20150342854.PGNR.&OS=DN/20150342854&RS=DN/20150342854
US2015342914,COMPOSITIONS AND METHODS FOR MODULATING METABOLIC PATHWAYS,20150622,20151203,http://appft1.uspto.gov/netacgi/nph-Parser?Sect1=PTO1&Sect2=HITOFF&d=PG01&p=1&u=/netahtml/PTO/srchnum.html&r=1&f=G&l=50&s1=20150342914.PGNR.&OS=DN/20150342914&RS=DN/20150342914
US2015367366,AEROSOL DISPENSER WITH EDIBLE CARTRIDGE,20131204,20151224,http://appft1.uspto.gov/netacgi/nph-Parser?Sect1=PTO1&Sect2=HITOFF&d=PG01&p=1&u=/netahtml/PTO/srchnum.html&r=1&f=G&l=50&s1=20150367366.PGNR.&OS=DN/20150367366&RS=DN/20150367366
US9056091,Composition for regulation of liver X receptor,20140616,20150616,http://patft.uspto.gov/netacgi/nph-Parser?d=PALL&p=1&u=%2Fnetahtml%2FPTO%2Fsrchnum.htm&r=1&f=G&l=50&s1=9056091.PN.&OS=PN/9056091&RS=PN/9056091
US9198883,Compositions and methods for modulating metabolic pathways,20150622,20151201,http://patft.uspto.gov/netacgi/nph-Parser?d=PALL&p=1&u=%2Fnetahtml%2FPTO%2Fsrchnum.htm&r=1&f=G&l=50&s1=9198883.PN.&OS=PN/9198883&RS=PN/9198883
US2016060454,FUNCTIONALIZED POLYMER COMPOSITIONS,20151110,20160303,http://appft1.uspto.gov/netacgi/nph-Parser?Sect1=PTO1&Sect2=HITOFF&d=PG01&p=1&u=/netahtml/PTO/srchnum.html&r=1&f=G&l=50&s1=20160060454.PGNR.&OS=DN/20160060454&RS=DN/20160060454
US2016067201,COMPOSITIONS AND METHODS FOR THE REDUCTION OR PREVENTION OF HEPATIC STEATOSIS,20150902,20160310,http://appft1.uspto.gov/netacgi/nph-Parser?Sect1=PTO1&Sect2=HITOFF&d=PG01&p=1&u=/netahtml/PTO/srchnum.html&r=1&f=G&l=50&s1=20160067201.PGNR.&OS=DN/20160067201&RS=DN/20160067201
US2016067203,INTERNAL COMPOSITION,20140710,20160310,http://appft1.uspto.gov/netacgi/nph-Parser?Sect1=PTO1&Sect2=HITOFF&d=PG01&p=1&u=/netahtml/PTO/srchnum.html&r=1&f=G&l=50&s1=20160067203.PGNR.&OS=DN/20160067203&RS=DN/20160067203
US2016068615,GLYCOGEN-BASED WATER SOLUBILITY ENHANCERS,20140331,20160310,http://appft1.uspto.gov/netacgi/nph-Parser?Sect1=PTO1&Sect2=HITOFF&d=PG01&p=1&u=/netahtml/PTO/srchnum.html&r=1&f=G&l=50&s1=20160068615.PGNR.&OS=DN/20160068615&RS=DN/20160068615
US2016074312,"EXTRACT OF PASSIONFLOWER SEEDS AND COSMETIC, PHARMACEUTICAL, DERMATOLOGICAL AND NUTRACEUTICAL COMPOSITIONS COMPRISING SAME",20131218,20160317,http://appft1.uspto.gov/netacgi/nph-Parser?Sect1=PTO1&Sect2=HITOFF&d=PG01&p=1&u=/netahtml/PTO/srchnum.html&r=1&f=G&l=50&s1=20160074312.PGNR.&OS=DN/20160074312&RS=DN/20160074312
US2016082123,Hydrogel-Linked Prodrugs Releasing Tagged Drugs,20140416,20160324,http://appft1.uspto.gov/netacgi/nph-Parser?Sect1=PTO1&Sect2=HITOFF&d=PG01&p=1&u=/netahtml/PTO/srchnum.html&r=1&f=G&l=50&s1=20160082123.PGNR.&OS=DN/20160082123&RS=DN/20160082123
US2016000117,NATURAL AND SUSTAINABLE SEAWEED FORMULA THAT REPLACES SYNTHETIC ADDITIVES IN SWINE FEED,20140224,20160107,http://appft1.uspto.gov/netacgi/nph-Parser?Sect1=PTO1&Sect2=HITOFF&d=PG01&p=1&u=/netahtml/PTO/srchnum.html&r=1&f=G&l=50&s1=20160000117.PGNR.&OS=DN/20160000117&RS=DN/20160000117
US2016000701,TOPICAL COMPOSITION COMPRISING TRANSFORMED BACTERIA EXPRESSING A COMPOUND OF INTEREST,20150923,20160107,http://appft1.uspto.gov/netacgi/nph-Parser?Sect1=PTO1&Sect2=HITOFF&d=PG01&p=1&u=/netahtml/PTO/srchnum.html&r=1&f=G&l=50&s1=20160000701.PGNR.&OS=DN/20160000701&RS=DN/20160000701
US2016000737,TREATMENT OF PETS WITH SIRTUIN ACTIVATORS,20140214,20160107,http://appft1.uspto.gov/netacgi/nph-Parser?Sect1=PTO1&Sect2=HITOFF&d=PG01&p=1&u=/netahtml/PTO/srchnum.html&r=1&f=G&l=50&s1=20160000737.PGNR.&OS=DN/20160000737&RS=DN/20160000737
US2016000745,"METHODS AND COMPOSITIONS FOR TREATING OBESITY, PREVENTING WEIGHT GAIN, PROMOTING WEIGHT LOSS, PROMOTING SLIMMING, OR TREATING OR PREVENTING THE DEVELOPMENT OF DIABETES",20150702,20160107,http://appft1.uspto.gov/netacgi/nph-Parser?Sect1=PTO1&Sect2=HITOFF&d=PG01&p=1&u=/netahtml/PTO/srchnum.html&r=1&f=G&l=50&s1=20160000745.PGNR.&OS=DN/20160000745&RS=DN/20160000745
US2016022556,"1,5-ANHYDRO-D-GLUCITOL-CONTAINING COLLAGEN PRODUCTION ACCELERATOR",20140326,20160128,http://appft1.uspto.gov/netacgi/nph-Parser?Sect1=PTO1&Sect2=HITOFF&d=PG01&p=1&u=/netahtml/PTO/srchnum.html&r=1&f=G&l=50&s1=20160022556.PGNR.&OS=DN/20160022556&RS=DN/20160022556
US2016023826,ENCLOSING MATERIALS IN NATURAL TRANSPORT SYSTEMS,20140313,20160128,http://appft1.uspto.gov/netacgi/nph-Parser?Sect1=PTO1&Sect2=HITOFF&d=PG01&p=1&u=/netahtml/PTO/srchnum.html&r=1&f=G&l=50&s1=20160023826.PGNR.&OS=DN/20160023826&RS=DN/20160023826
US2016030455,Drink Product and Use Thereof,20140311,20160204,http://appft1.uspto.gov/netacgi/nph-Parser?Sect1=PTO1&Sect2=HITOFF&d=PG01&p=1&u=/netahtml/PTO/srchnum.html&r=1&f=G&l=50&s1=20160030455.PGNR.&OS=DN/20160030455&RS=DN/20160030455
US2016045560,WEIGHT LOSS FORMULATION,20151027,20160218,http://appft1.uspto.gov/netacgi/nph-Parser?Sect1=PTO1&Sect2=HITOFF&d=PG01&p=1&u=/netahtml/PTO/srchnum.html&r=1&f=G&l=50&s1=20160045560.PGNR.&OS=DN/20160045560&RS=DN/20160045560
US2016051604,"SEAWEED EXTRACTS, UNSATURATED ALDEHYDES, AND METHODS OF TREATMENT",20140314,20160225,http://appft1.uspto.gov/netacgi/nph-Parser?Sect1=PTO1&Sect2=HITOFF&d=PG01&p=1&u=/netahtml/PTO/srchnum.html&r=1&f=G&l=50&s1=20160051604.PGNR.&OS=DN/20160051604&RS=DN/20160051604
US2016206588,STABILIZED FORMULATIONS OF FATTY ACIDS,20160317,20160721,http://appft1.uspto.gov/netacgi/nph-Parser?Sect1=PTO1&Sect2=HITOFF&d=PG01&p=1&u=/netahtml/PTO/srchnum.html&r=1&f=G&l=50&s1=20160206588.PGNR.&OS=DN/20160206588&RS=DN/20160206588
US2016228391,MATRIX AND LAYER COMPOSITIONS FOR PROTECTION OF BIOACTIVES,20160420,20160811,http://appft1.uspto.gov/netacgi/nph-Parser?Sect1=PTO1&Sect2=HITOFF&d=PG01&p=1&u=/netahtml/PTO/srchnum.html&r=1&f=G&l=50&s1=20160228391.PGNR.&OS=DN/20160228391&RS=DN/20160228391
US2016228400,COMPOSITIONS CAPABLE OF ENHANCING THERMOGENESIS AND USES THEREOF,20140915,20160811,http://appft1.uspto.gov/netacgi/nph-Parser?Sect1=PTO1&Sect2=HITOFF&d=PG01&p=1&u=/netahtml/PTO/srchnum.html&r=1&f=G&l=50&s1=20160228400.PGNR.&OS=DN/20160228400&RS=DN/20160228400
US2016249668,HYDROGEN-CONTAINING DRINK THAT CONTAINS FUNCTIONAL INGREDIENT,20130809,20160901,http://appft1.uspto.gov/netacgi/nph-Parser?Sect1=PTO1&Sect2=HITOFF&d=PG01&p=1&u=/netahtml/PTO/srchnum.html&r=1&f=G&l=50&s1=20160249668.PGNR.&OS=DN/20160249668&RS=DN/20160249668
US2016256511,COMPOSITIONS AND METHODS FOR THE TREATMENT OR PROPHYLAXIS OF CIRCADIAN PROTEIN RELATED CONDITIONS,20141113,20160908,http://appft1.uspto.gov/netacgi/nph-Parser?Sect1=PTO1&Sect2=HITOFF&d=PG01&p=1&u=/netahtml/PTO/srchnum.html&r=1&f=G&l=50&s1=20160256511.PGNR.&OS=DN/20160256511&RS=DN/20160256511
US2016263047,Nanoparticle Compositions and Methods as Carriers of Nutraceutical Factors Across Cell Membranes and Biological Barriers,20141014,20160915,http://appft1.uspto.gov/netacgi/nph-Parser?Sect1=PTO1&Sect2=HITOFF&d=PG01&p=1&u=/netahtml/PTO/srchnum.html&r=1&f=G&l=50&s1=20160263047.PGNR.&OS=DN/20160263047&RS=DN/20160263047
US2016145668,UNCOUPLED CELL CULTURE METHOD,20140715,20160526,http://appft1.uspto.gov/netacgi/nph-Parser?Sect1=PTO1&Sect2=HITOFF&d=PG01&p=1&u=/netahtml/PTO/srchnum.html&r=1&f=G&l=50&s1=20160145668.PGNR.&OS=DN/20160145668&RS=DN/20160145668
US2016279130,COMPOSITIONS AND METHODS FOR INCREASING ENERGY METABOLISM,20131113,20160929,http://appft1.uspto.gov/netacgi/nph-Parser?Sect1=PTO1&Sect2=HITOFF&d=PG01&p=1&u=/netahtml/PTO/srchnum.html&r=1&f=G&l=50&s1=20160279130.PGNR.&OS=DN/20160279130&RS=DN/20160279130
US2016281041,BIOREACTOR USING MACROALGAE,20160610,20160929,http://appft1.uspto.gov/netacgi/nph-Parser?Sect1=PTO1&Sect2=HITOFF&d=PG01&p=1&u=/netahtml/PTO/srchnum.html&r=1&f=G&l=50&s1=20160281041.PGNR.&OS=DN/20160281041&RS=DN/20160281041
US2016192689,ENCAPSULATED FUNCTIONAL FOOD COMPOSITIONS,20140731,20160707,http://appft1.uspto.gov/netacgi/nph-Parser?Sect1=PTO1&Sect2=HITOFF&d=PG01&p=1&u=/netahtml/PTO/srchnum.html&r=1&f=G&l=50&s1=20160192689.PGNR.&OS=DN/20160192689&RS=DN/20160192689
US9410036,Functionalized polymer compositions,20160219,20160809,http://patft.uspto.gov/netacgi/nph-Parser?d=PALL&p=1&u=%2Fnetahtml%2FPTO%2Fsrchnum.htm&r=1&f=G&l=50&s1=9410036.PN.&OS=PN/9410036&RS=PN/9410036
US9351967,Compositions and methods for modulating metabolic pathways,20151029,20160531,http://patft.uspto.gov/netacgi/nph-Parser?d=PALL&p=1&u=%2Fnetahtml%2FPTO%2Fsrchnum.htm&r=1&f=G&l=50&s1=9351967.PN.&OS=PN/9351967&RS=PN/9351967
US9388372,Bioreactor using macroalgae,20151106,20160712,http://patft.uspto.gov/netacgi/nph-Parser?d=PALL&p=1&u=%2Fnetahtml%2FPTO%2Fsrchnum.htm&r=1&f=G&l=50&s1=9388372.PN.&OS=PN/9388372&RS=PN/9388372

